"";"seq.id";"seq.type";"pids"
"1";"10063";"A";"317799"
"2";"10064";"A";"317799"
"3";"10081";"A";"15700|155830"
"4";"14165";"A";"360279"
"5";"15138";"A";"322065|307140"
"6";"15139";"A";"322065|307140"
"7";"15543";"A";"322065"
"8";"15553";"A";"307140"
"9";"15790";"A";"325178|360279"
"10";"15795";"A";"360279"
"11";"15796";"A";"360279"
"12";"16002";"A";"360279"
"13";"1757";"A";"587571"
"14";"3256";"A";"3085|155830"
"15";"3257";"A";"3085|155830"
"16";"3384";"A";"4614"
"17";"3385";"A";"4614"
"18";"3397";"A";"307140|325178"
"19";"3398";"A";"307140|325178"
"20";"4168";"A";"325178"
"21";"4175";"A";"325178"
"22";"5194";"A";"12053"
"23";"9640";"A";"15700"
"24";"9641";"A";"15700"
"25";"9658";"A";"325178"
"26";"10000";"AB";"12053|12547|15700|41745|155830|322065|307140|325178|360279"
"27";"10001";"AB";"12053|12547|15700|41745|155830|322065|307140|325178|360279"
"28";"10002";"AB";"12053|12547|15700|41745|155830|322065|307140|325178|360279"
"29";"10003";"AB";"12053|12547|15700|41745|155830|322065|307140|325178|360279"
"30";"10007";"AB";"12053|12547|15700|41745|155830|322065|307140|325178|360279"
"31";"10008";"AB";"12053|12547|15700|41745|155830|322065|307140|325178|360279"
"32";"10012";"AB";"12053|12547|15700|41745|155830|322065|307140|325178|360279"
"33";"10013";"AB";"12053|15700|41745|155830|322065|307140|325178|360279"
"34";"10014";"AB";"12053|41745|155830|322065|307140|325178|360279"
"35";"10015";"AB";"12053|41745|155830|322065|307140|325178|360279"
"36";"10016";"AB";"12053|12547|41745|155830|317799"
"37";"10018";"AB";"12053|12547|41745|155830|317799"
"38";"10019";"AB";"12053|12547|41745|155830|317799"
"39";"10020";"AB";"12053|12547|15700|41745|155830|322065|307140|325178|360279"
"40";"10021";"AB";"12053|12547|15700|41745|155830|322065|307140|325178|360279"
"41";"10022";"AB";"12053|12547|15700|41745|155830|322065|307140|325178|360279"
"42";"10023";"AB";"12053|12547|15700|41745|155830|322065|307140|325178|360279"
"43";"10024";"AB";"12053|12547|15700|41745|155830|322065|307140|325178|360279"
"44";"10025";"AB";"12053|41745|155830|322065|307140|325178|360279"
"45";"10029";"AB";"12053|41745|155830|322065|307140|325178|360279"
"46";"10030";"AB";"12053|41745|155830|322065|307140|325178|360279"
"47";"10031";"AB";"12053|41745|155830|322065|307140|325178"
"48";"10032";"AB";"12053|41745|155830|322065|307140"
"49";"10033";"AB";"12053|12547|15700|41745|155830|322065|307140|325178|360279"
"50";"10034";"AB";"12053|12547|15700|41745|155830|322065|307140|325178"
"51";"10035";"AB";"12053|41745|155830|322065|307140|325178"
"52";"10036";"AB";"12053|41745|155830|307140|325178"
"53";"10037";"AB";"12053|41745|307140|325178"
"54";"10038";"AB";"12053|41745|307140|325178"
"55";"10041";"AB";"41745|155830|307140|325178|360279"
"56";"10047";"AB";"41745|307140"
"57";"10048";"AB";"41745|307140"
"58";"10054";"AB";"41745|155830|322065|307140|325178|360279"
"59";"10055";"AB";"41745|155830|322065|307140|325178|360279"
"60";"10067";"AB";"307140|325178"
"61";"10068";"AB";"41745|155830|322065|307140|325178"
"62";"10069";"AB";"41745|155830|322065|307140|325178"
"63";"10080";"AB";"15700|155830"
"64";"10121";"AB";"12547|15700|155830|322065"
"65";"10123";"AB";"12547|15700|155830|322065|307140|325178|360279"
"66";"10124";"AB";"12547|15700"
"67";"10125";"AB";"12547|15700|41745|155830|322065|307140|325178|360279"
"68";"10135";"AB";"12547|15700|41745|155830|322065|307140|325178"
"69";"10136";"AB";"12547|15700|41745|155830|322065|307140|325178|360279"
"70";"10137";"AB";"12547|15700|41745|155830|322065|307140|325178|360279"
"71";"10138";"AB";"12547|15700|41745|155830|322065|307140|325178|360279"
"72";"10139";"AB";"12547|15700|41745|155830|322065|307140|325178|360279"
"73";"10140";"AB";"12547|15700|41745|155830|322065|307140|325178|360279"
"74";"10141";"AB";"12547|15700|41745|155830|322065|307140|325178|360279"
"75";"10142";"AB";"12547|41745|155830|317799"
"76";"10143";"AB";"12547|15700|41745|155830|322065|307140|325178|360279"
"77";"10145";"AB";"12547|15700"
"78";"10146";"AB";"12547|15700|41745|155830|322065|307140|325178|360279"
"79";"10147";"AB";"12547|15700|155830|322065|307140"
"80";"10148";"AB";"12547|15700|41745|155830|307140|325178"
"81";"10149";"AB";"12547|15700|41745|155830|322065|307140|325178"
"82";"10150";"AB";"12547|15700|41745|155830|307140|325178"
"83";"10151";"AB";"12547|15700|41745|155830|322065|307140|325178|360279"
"84";"10152";"AB";"12547|15700|41745|155830|322065|307140|325178|360279"
"85";"10153";"AB";"12547|41745|307140|325178"
"86";"10154";"AB";"12547|15700|41745|322065|307140|325178"
"87";"10155";"AB";"12547|15700|41745|155830|322065|307140|325178|360279"
"88";"10156";"AB";"12547|15700|41745|155830|322065|307140|325178|360279"
"89";"10157";"AB";"325178"
"90";"10158";"AB";"15700|41745|155830|322065|307140|325178|360279"
"91";"10159";"AB";"15700|41745|155830|322065|307140|325178|360279"
"92";"10163";"AB";"155830|322065|307140|325178|360279"
"93";"10164";"AB";"15700|41745|155830|307140|325178"
"94";"10165";"AB";"15700|41745|155830|322065|307140|325178|360279"
"95";"10166";"AB";"15700|41745|155830|322065|307140|325178|360279"
"96";"10167";"AB";"15700|41745"
"97";"10171";"AB";"41745|155830|317799"
"98";"10172";"AB";"41745|155830|317799"
"99";"10175";"AB";"15700|155830|307140|325178"
"100";"10179";"AB";"155830|307140"
"101";"10180";"AB";"155830|307140"
"102";"11012";"AB";"15700|41745|155830|322065|307140|325178|360279"
"103";"11020";"AB";"15700|41745|155830|322065|307140|325178|360279"
"104";"11021";"AB";"15700|41745|155830|322065|307140|325178|360279"
"105";"11022";"AB";"15700|41745|155830|322065|307140|325178|360279"
"106";"11023";"AB";"15700|41745|155830|322065|307140|325178|360279"
"107";"11024";"AB";"15700|41745|155830|322065|307140|325178|360279"
"108";"11025";"AB";"15700|41745|322065|325178|360279"
"109";"11027";"AB";"15700|41745|155830|322065|307140|325178|360279"
"110";"11028";"AB";"15700|41745|155830|322065|307140|325178|360279"
"111";"11029";"AB";"15700|41745|155830|322065|307140|325178|360279"
"112";"11032";"AB";"41745|155830|322065|307140|325178|360279"
"113";"11040";"AB";"41745|155830|307140|325178"
"114";"11041";"AB";"41745|155830|325178"
"115";"11042";"AB";"155830|325178"
"116";"11043";"AB";"41745|155830|322065|307140|325178|360279"
"117";"11044";"AB";"41745|155830|322065|307140|325178|360279"
"118";"14119";"AB";"41745|155830|322065|307140|325178|360279"
"119";"14120";"AB";"41745|155830|322065|307140|325178|360279"
"120";"14121";"AB";"41745|155830|322065|307140|325178|360279"
"121";"14122";"AB";"41745|155830|322065|307140|325178|360279"
"122";"14123";"AB";"41745|155830|322065|307140|325178|360279"
"123";"14124";"AB";"41745|155830|322065|307140|325178|360279"
"124";"14125";"AB";"41745|155830|322065|307140|325178|360279"
"125";"14126";"AB";"41745|155830|322065|307140|325178|360279"
"126";"14127";"AB";"41745|155830|322065|307140|325178|360279"
"127";"14128";"AB";"41745|155830|322065|307140|325178|360279"
"128";"14129";"AB";"41745|155830|322065|307140|325178|360279"
"129";"14130";"AB";"41745|155830|322065|307140|325178|360279"
"130";"14131";"AB";"41745|155830|322065|307140|325178|360279"
"131";"14133";"AB";"41745|155830|322065|307140|325178|360279"
"132";"14134";"AB";"41745|155830|322065|307140|325178|360279"
"133";"14135";"AB";"41745|155830|322065|307140|325178|360279"
"134";"14136";"AB";"41745|155830|307140|325178|360279"
"135";"14137";"AB";"41745|155830|307140|325178"
"136";"14138";"AB";"41745|155830|322065|307140|325178|360279"
"137";"14140";"AB";"41745|155830|322065|307140|325178|360279"
"138";"14141";"AB";"41745|155830|322065|307140|325178|360279"
"139";"14142";"AB";"41745|155830|322065|307140|325178|360279"
"140";"14143";"AB";"41745|155830|322065|307140|325178|360279"
"141";"14144";"AB";"41745|155830|322065|307140|325178|360279"
"142";"14145";"AB";"41745|155830|322065|307140|325178|360279"
"143";"14146";"AB";"41745|155830|322065|307140|325178|360279"
"144";"14148";"AB";"41745|155830|322065|307140|325178|360279"
"145";"14149";"AB";"41745|155830|322065|307140|325178|360279"
"146";"14150";"AB";"41745|155830|322065|307140|325178|360279"
"147";"14151";"AB";"41745|155830|322065|307140|325178|360279"
"148";"14152";"AB";"41745|155830|322065|307140|325178"
"149";"14153";"AB";"41745|155830|322065|307140|325178|360279"
"150";"14154";"AB";"41745|155830|322065|307140|325178|360279"
"151";"14155";"AB";"41745|155830|322065|307140|325178|360279"
"152";"14156";"AB";"41745|155830|322065|307140|325178|360279"
"153";"14157";"AB";"41745|155830|322065|307140|325178"
"154";"14159";"AB";"41745|155830|322065|307140"
"155";"14160";"AB";"307140|360279"
"156";"14163";"AB";"155830|322065|307140|325178"
"157";"14167";"AB";"307140|360279"
"158";"14168";"AB";"155830|317799"
"159";"14169";"AB";"155830|317799"
"160";"15122";"AB";"155830|322065|307140|325178|360279"
"161";"15126";"AB";"155830|322065|307140|325178|360279"
"162";"15127";"AB";"155830|322065|307140|325178|360279"
"163";"15128";"AB";"155830|322065|307140|325178|360279"
"164";"15129";"AB";"155830|322065|307140|325178|360279"
"165";"15131";"AB";"155830|322065|307140|325178|360279"
"166";"15132";"AB";"155830|322065|307140|325178|360279"
"167";"15134";"AB";"155830|322065|307140|325178|360279"
"168";"15135";"AB";"322065|307140|325178|360279"
"169";"15136";"AB";"322065|307140|360279"
"170";"15141";"AB";"322065|307140|360279"
"171";"15142";"AB";"155830|322065|307140|325178|360279"
"172";"15143";"AB";"155830|322065|307140|325178|360279"
"173";"15145";"AB";"155830|322065|307140|325178|360279"
"174";"15146";"AB";"155830|322065|307140|325178|360279"
"175";"15147";"AB";"155830|322065|307140|325178|360279"
"176";"15148";"AB";"155830|322065|307140|325178|360279"
"177";"15149";"AB";"155830|322065|307140|325178|360279"
"178";"15150";"AB";"155830|322065|307140|325178|360279"
"179";"15151";"AB";"155830|322065|307140|325178|360279"
"180";"15154";"AB";"155830|317799"
"181";"15155";"AB";"155830|317799"
"182";"15156";"AB";"155830|322065|307140|325178|360279"
"183";"15157";"AB";"307140|325178"
"184";"15158";"AB";"307140|325178|360279"
"185";"15159";"AB";"322065|307140|325178|360279"
"186";"15160";"AB";"322065|307140|325178|360279"
"187";"15164";"AB";"322065|307140|325178|360279"
"188";"15165";"AB";"322065|307140|325178|360279"
"189";"15166";"AB";"322065|307140|325178|360279"
"190";"15167";"AB";"322065|307140|325178"
"191";"15169";"AB";"307140|325178"
"192";"15170";"AB";"307140|325178"
"193";"15174";"AB";"307140|325178"
"194";"15177";"AB";"307140|325178"
"195";"15178";"AB";"307140|325178"
"196";"15181";"AB";"322065|307140|325178"
"197";"15182";"AB";"322065|307140|325178"
"198";"15183";"AB";"322065|307140|325178|360279"
"199";"15192";"AB";"322065|360279"
"200";"15193";"AB";"322065|307140|325178"
"201";"15194";"AB";"322065|360279"
"202";"15531";"AB";"307140|325178"
"203";"15532";"AB";"322065|307140|325178|360279"
"204";"15533";"AB";"322065|307140|325178|360279"
"205";"15534";"AB";"322065|307140|325178"
"206";"15535";"AB";"322065|307140|325178|360279"
"207";"15536";"AB";"322065|307140|325178|360279"
"208";"15537";"AB";"322065|307140|325178|360279"
"209";"15539";"AB";"322065|307140|325178|360279"
"210";"15540";"AB";"322065|307140|325178|360279"
"211";"15541";"AB";"322065|307140|325178|360279"
"212";"15544";"AB";"322065|307140|325178|360279"
"213";"15545";"AB";"322065|307140|325178|360279"
"214";"15546";"AB";"322065|307140|325178|360279"
"215";"15547";"AB";"322065|307140|325178|360279"
"216";"15548";"AB";"322065|307140|325178|360279"
"217";"15549";"AB";"322065|307140|325178|360279"
"218";"15550";"AB";"322065|307140|325178|360279"
"219";"15551";"AB";"322065|307140|325178|360279"
"220";"15552";"AB";"322065|307140|325178|360279"
"221";"15554";"AB";"307140|325178|360279"
"222";"15555";"AB";"307140|325178|360279"
"223";"15556";"AB";"307140|325178"
"224";"15557";"AB";"307140|325178|360279"
"225";"15558";"AB";"307140|325178|360279"
"226";"15569";"AB";"307140|325178|360279"
"227";"15570";"AB";"307140|325178|360279"
"228";"15571";"AB";"307140|325178|360279"
"229";"15572";"AB";"307140|325178"
"230";"15573";"AB";"307140|325178|360279"
"231";"15574";"AB";"307140|325178|360279"
"232";"15575";"AB";"307140|325178|360279"
"233";"15576";"AB";"307140|325178|360279"
"234";"15580";"AB";"307140|325178"
"235";"15581";"AB";"307140|325178"
"236";"15582";"AB";"307140|325178|360279"
"237";"15583";"AB";"307140|325178|360279"
"238";"15584";"AB";"307140|325178|360279"
"239";"15588";"AB";"307140|325178|360279"
"240";"15589";"AB";"307140|325178|360279"
"241";"15590";"AB";"307140|325178|360279"
"242";"15591";"AB";"307140|325178|360279"
"243";"15592";"AB";"307140|325178|360279"
"244";"15594";"AB";"307140|325178|360279"
"245";"15596";"AB";"307140|325178|360279"
"246";"15597";"AB";"307140|325178|360279"
"247";"15598";"AB";"307140|325178|360279"
"248";"15599";"AB";"307140|325178|360279"
"249";"15600";"AB";"307140|325178"
"250";"15601";"AB";"307140|325178"
"251";"15602";"AB";"307140|325178|360279"
"252";"15603";"AB";"307140|325178|360279"
"253";"15604";"AB";"307140|325178|360279"
"254";"15605";"AB";"307140|325178|360279"
"255";"15606";"AB";"307140|325178|360279"
"256";"15607";"AB";"307140|325178|360279"
"257";"15608";"AB";"307140|325178"
"258";"15609";"AB";"307140|325178"
"259";"15610";"AB";"307140|325178"
"260";"15611";"AB";"307140|325178"
"261";"15612";"AB";"307140|325178"
"262";"15613";"AB";"307140|325178"
"263";"15614";"AB";"307140|325178"
"264";"15616";"AB";"307140|325178"
"265";"15617";"AB";"307140|325178|360279"
"266";"15618";"AB";"307140|325178|360279"
"267";"15619";"AB";"307140|325178|360279"
"268";"15620";"AB";"307140|325178"
"269";"15621";"AB";"307140|325178"
"270";"15624";"AB";"307140|325178|360279"
"271";"15625";"AB";"307140|325178|360279"
"272";"15626";"AB";"307140|325178|360279"
"273";"15627";"AB";"307140|325178|360279"
"274";"15628";"AB";"307140|325178|360279"
"275";"15629";"AB";"307140|325178"
"276";"15630";"AB";"307140|325178"
"277";"15631";"AB";"307140|325178|360279"
"278";"15632";"AB";"307140|325178|360279"
"279";"15633";"AB";"307140|325178|360279"
"280";"15634";"AB";"307140|325178|360279"
"281";"15635";"AB";"307140|325178|360279"
"282";"15638";"AB";"307140|325178|360279"
"283";"15639";"AB";"307140|325178"
"284";"15640";"AB";"307140|325178"
"285";"15642";"AB";"307140|325178|360279"
"286";"15643";"AB";"307140|325178|360279"
"287";"15644";"AB";"307140|325178|360279"
"288";"15645";"AB";"307140|325178|360279"
"289";"15646";"AB";"307140|325178|360279"
"290";"15650";"AB";"307140|325178"
"291";"15652";"AB";"307140|325178"
"292";"15653";"AB";"307140|325178"
"293";"15654";"AB";"307140|325178"
"294";"15655";"AB";"307140|325178"
"295";"15656";"AB";"307140|325178"
"296";"15657";"AB";"307140|325178"
"297";"15658";"AB";"307140|325178"
"298";"15659";"AB";"307140|325178"
"299";"15660";"AB";"307140|325178"
"300";"15661";"AB";"307140|325178"
"301";"15662";"AB";"307140|325178"
"302";"15663";"AB";"307140|325178|360279"
"303";"15664";"AB";"307140|325178|360279"
"304";"15665";"AB";"307140|325178|360279"
"305";"15666";"AB";"307140|325178"
"306";"15667";"AB";"307140|325178"
"307";"15668";"AB";"307140|325178"
"308";"15672";"AB";"307140|325178"
"309";"15673";"AB";"307140|325178"
"310";"15674";"AB";"307140|325178"
"311";"15683";"AB";"325178|360279"
"312";"15684";"AB";"325178|360279"
"313";"15685";"AB";"325178|360279"
"314";"15686";"AB";"325178|360279"
"315";"15687";"AB";"325178|360279"
"316";"15691";"AB";"325178|360279"
"317";"15692";"AB";"325178"
"318";"15693";"AB";"325178|360279"
"319";"15694";"AB";"325178|360279"
"320";"15695";"AB";"325178|360279"
"321";"15696";"AB";"325178|360279"
"322";"15701";"AB";"325178"
"323";"15702";"AB";"325178"
"324";"15703";"AB";"325178"
"325";"15704";"AB";"325178"
"326";"15705";"AB";"325178|360279"
"327";"15715";"AB";"325178|360279"
"328";"15716";"AB";"325178|360279"
"329";"15717";"AB";"325178"
"330";"15718";"AB";"325178|360279"
"331";"15719";"AB";"325178|360279"
"332";"15720";"AB";"325178|360279"
"333";"15721";"AB";"325178|360279"
"334";"15722";"AB";"325178|360279"
"335";"15723";"AB";"325178|360279"
"336";"15724";"AB";"325178|360279"
"337";"15725";"AB";"325178|360279"
"338";"15726";"AB";"325178|360279"
"339";"15727";"AB";"325178|360279"
"340";"15728";"AB";"325178|360279"
"341";"15729";"AB";"325178|360279"
"342";"15730";"AB";"325178|360279"
"343";"15746";"AB";"325178"
"344";"15747";"AB";"325178"
"345";"15748";"AB";"325178|360279"
"346";"15749";"AB";"325178|360279"
"347";"15750";"AB";"325178"
"348";"15751";"AB";"325178"
"349";"15752";"AB";"325178|360279"
"350";"15753";"AB";"325178|360279"
"351";"15754";"AB";"325178"
"352";"15755";"AB";"325178"
"353";"15756";"AB";"325178"
"354";"15758";"AB";"325178|360279"
"355";"15759";"AB";"325178|360279"
"356";"15762";"AB";"325178"
"357";"15763";"AB";"325178"
"358";"15764";"AB";"325178|360279"
"359";"15765";"AB";"325178"
"360";"15766";"AB";"325178"
"361";"15767";"AB";"325178"
"362";"15768";"AB";"325178|360279"
"363";"15769";"AB";"325178|360279"
"364";"15770";"AB";"325178|360279"
"365";"15771";"AB";"325178|360279"
"366";"15772";"AB";"325178|360279"
"367";"15773";"AB";"325178|360279"
"368";"15784";"AB";"325178"
"369";"15785";"AB";"325178"
"370";"15786";"AB";"325178"
"371";"15787";"AB";"325178"
"372";"15788";"AB";"325178"
"373";"15789";"AB";"325178|360279"
"374";"15994";"AB";"360279"
"375";"15998";"AB";"360279"
"376";"15999";"AB";"360279"
"377";"16000";"AB";"360279"
"378";"16001";"AB";"360279"
"379";"1711";"AB";"586805|587198|587571|588411|3085|4614|11389|12053|12547|15700|41745|155830|322065|307140|325178|360279"
"380";"1712";"AB";"586805|587198|587571|588411|3085|4614|11389|12053|12547|15700|41745|155830|322065|307140|325178|360279"
"381";"1713";"AB";"587198|587571|588411|3085|4614|11389|12053|12547|15700|41745|155830|322065|307140|325178|360279"
"382";"1714";"AB";"587198|587571|588411|3085|4614|11389|12053|41745|155830|322065|307140|325178|360279"
"383";"1715";"AB";"587198|587571|588411|3085|4614|11389|12053|41745|155830|322065|307140|325178|360279"
"384";"1716";"AB";"587198|588411|3085|4614|11389|12053|41745|155830|322065|307140|325178|360279"
"385";"1718";"AB";"587198|587571|588411|3085|4007|4614|11389|12053|12547|15700|41745|155830|322065|307140|325178|360279"
"386";"1719";"AB";"587198|587571|588411|3085|4007|4614|11389|12053|12547|15700|41745|155830|322065|307140|325178|360279"
"387";"1720";"AB";"587198|587571|588411|3085|4007|4614|11389|12053|12547|15700|41745|155830|322065|307140|325178|360279"
"388";"1721";"AB";"587198|587571|588411|3085|4007|4614|11389|12053|12547|15700|41745|155830|322065|307140|325178|360279"
"389";"1722";"AB";"587571|588411|3085|4007|4614|11389|12053|12547|15700|41745|155830|322065|307140|325178|360279"
"390";"1723";"AB";"587571|588411|3085|4614|11389|12053|12547|15700|41745|155830|322065|307140|325178|360279"
"391";"1724";"AB";"587571|588411|3085|4614|11389|12053|41745|155830|322065|307140|325178|360279"
"392";"1725";"AB";"587571|588411|3085|4614|11389|12053|41745|155830|322065|307140|325178|360279"
"393";"1726";"AB";"3085|4614|11389|12053|41745|155830|322065|307140|325178|360279"
"394";"1727";"AB";"587204|3085|4007|4614|12053|12547|41745|155830|317799"
"395";"1729";"AB";"587204|3085|4007|4614|12053|12547|41745|155830|317799"
"396";"1730";"AB";"587204|3085|4007|4614|12053|12547|41745|155830|317799"
"397";"1731";"AB";"587204|3085|4614|12053|12547|41745|155830|317799"
"398";"1732";"AB";"587204|3085|4007|4614|12053|41745|155830|317799"
"399";"1733";"AB";"587204|3085|4007|4614|12053|12547|41745|155830|317799"
"400";"1734";"AB";"587204|3085|4614|12053|12547|41745|155830|317799"
"401";"1735";"AB";"587204|4614|12053|12547|41745|155830|317799"
"402";"1736";"AB";"587204|4614|12053|12547|41745|155830|317799"
"403";"1738";"AB";"587204|3085|4614|12053|41745|155830|317799"
"404";"1739";"AB";"587204|3085|4614|12053|41745|155830|317799"
"405";"1740";"AB";"3085|4614|12053|12547|41745|155830|317799"
"406";"1741";"AB";"3085|4614|12053|12547|41745|155830|317799"
"407";"1742";"AB";"3085|4614|12053|41745|155830|317799"
"408";"1745";"AB";"4614|12053|317799"
"409";"1746";"AB";"587571|588411|3085|4614|11389|12053|12547|15700|41745|155830|322065|307140|325178|360279"
"410";"1747";"AB";"587571|588411|3085|4614|11389|12053|12547|15700|41745|155830|322065|307140|325178|360279"
"411";"1748";"AB";"587571|588411|3085|4007|4614|11389|12053|12547|15700|41745|155830|322065|307140|325178|360279"
"412";"1749";"AB";"587571|588411|3085|4614|11389|12053|12547|15700|41745|155830|322065|307140|325178|360279"
"413";"1750";"AB";"587571|588411|3085|4614|11389|12053|12547|15700|41745|155830|322065|307140|325178|360279"
"414";"1751";"AB";"587571|588411|3085|4007|11389|12053|12547|15700|41745|155830|322065|307140|325178|360279"
"415";"1752";"AB";"587571|588411|3085|4007|4614|11389|12053|12547|15700|41745|155830|322065|307140|325178|360279"
"416";"1753";"AB";"587571|588411|3085|4007|4614|11389|12053|12547|15700|41745|155830|322065|307140|325178|360279"
"417";"1758";"AB";"587571|588411|3085|4614|11389|12053|12547|15700|41745|155830|322065|307140|325178|360279"
"418";"1759";"AB";"587571|588411|3085|4614|11389|12053|12547|41745|155830|322065|307140|325178|360279"
"419";"1760";"AB";"587571|588411|3085|4007|11389|12053|12547|15700|41745|155830|322065|307140|325178|360279"
"420";"1761";"AB";"587571|588411|3085|11389|12053|12547|15700|41745|155830|322065|307140|325178|360279"
"421";"1762";"AB";"587571|588411|3085|11389|12053|12547|15700|41745|155830|322065|307140|325178"
"422";"1763";"AB";"588411|3085|4614|11389|12053|12547|41745|155830|322065|307140|325178|360279"
"423";"1764";"AB";"588411|3085|4614|11389|12053|12547|41745|155830|322065|307140|325178|360279"
"424";"1765";"AB";"588411|3085|11389|12053|12547|41745|155830|322065|307140|325178"
"425";"1766";"AB";"588411|3085|4007|4614|11389|12053|12547|15700|41745|155830|322065|307140|325178|360279"
"426";"1767";"AB";"588411|3085|4614|11389|12053|12547|15700|41745|155830|322065|307140|325178|360279"
"427";"1774";"AB";"588411|3085|4007|4614|11389|12053|12547|15700|41745|155830|322065|307140|325178|360279"
"428";"1775";"AB";"588411|3085|4007|4614|11389|12053|12547|15700|41745|155830|322065|307140|325178|360279"
"429";"1776";"AB";"588411|3085|4007|4614|11389|12053|12547|15700|41745|155830|322065|307140|325178|360279"
"430";"1777";"AB";"588411|3085|4007|4614|11389|12053|12547|15700|41745|155830|322065|307140|325178|360279"
"431";"1778";"AB";"588411|3085|4007|4614|11389|12053|12547|15700|41745|155830|322065|307140|325178|360279"
"432";"1779";"AB";"588411|3085|4614|11389|12053|12547|15700|41745|155830|322065|307140|325178|360279"
"433";"1780";"AB";"588411|3085|4614|11389|12053|41745|155830|322065|307140|325178|360279"
"434";"1781";"AB";"3085|4007|4614|11389|12053|12547|15700|41745|155830|322065|307140|325178|360279"
"435";"1782";"AB";"3085|4007|4614|11389|12053|12547|15700|41745|155830|322065|307140|325178|360279"
"436";"1783";"AB";"3085|4614|11389|12053|12547|15700|41745|155830|322065|307140|325178|360279"
"437";"1784";"AB";"3085|4614|11389|12053|41745|155830|322065|307140|325178|360279"
"438";"1785";"AB";"3085|4614|11389|12053|41745|155830|322065|307140|325178|360279"
"439";"3235";"AB";"4007|41745|325178"
"440";"3237";"AB";"3085|4007|11389|12053|12547|15700|41745|155830|322065|307140|325178|360279"
"441";"3238";"AB";"3085|4007|11389|12053|12547|15700|41745|155830|322065|307140|325178|360279"
"442";"3240";"AB";"3085|12547|15700"
"443";"3241";"AB";"3085|11389|12053|12547|15700|41745|322065|307140|325178|360279"
"444";"3246";"AB";"3085|4007|12053|12547|41745|307140|360279"
"445";"3247";"AB";"3085|4007|4614|11389|12053|12547|15700|41745|155830|322065|307140|325178|360279"
"446";"3248";"AB";"3085|4007|4614|11389|12053|12547|15700|41745|155830|322065|307140|325178|360279"
"447";"3249";"AB";"3085|4007|11389|12053|12547|15700|41745|155830|322065|307140|325178|360279"
"448";"3250";"AB";"3085|4007|4614|11389|12053|12547|15700|41745|155830|322065|307140|325178|360279"
"449";"3251";"AB";"3085|4007|4614|11389|12053|12547|15700|41745|155830|322065|307140|325178|360279"
"450";"3252";"AB";"3085|12053|12547|41745|307140"
"451";"3253";"AB";"3085|12053|41745|307140"
"452";"3254";"AB";"3085|4007|4614|155830|317799"
"453";"3258";"AB";"3085|4007|11389|12053|12547|15700|41745|155830|322065|307140|325178|360279"
"454";"3259";"AB";"3085|12053|41745|155830|307140|325178|360279"
"455";"3260";"AB";"3085|307140|325178"
"456";"3261";"AB";"3085|4007|12053|41745|155830|307140|325178"
"457";"3264";"AB";"3085|4007|11389|12053|12547|15700|41745|155830|322065|307140|325178|360279"
"458";"3265";"AB";"3085|11389|12053|15700|41745|155830|322065|307140|325178|360279"
"459";"3266";"AB";"3085|11389|12053|15700|41745|155830|322065|307140|325178|360279"
"460";"3267";"AB";"3085|11389|12053|15700|41745|155830|322065|307140|325178|360279"
"461";"3268";"AB";"3085|11389|12053|12547|15700|41745|155830|322065|307140|325178|360279"
"462";"3271";"AB";"4007|155830|325178"
"463";"3278";"AB";"155830|325178"
"464";"3279";"AB";"155830|325178"
"465";"3294";"AB";"3085|12547|307140"
"466";"3295";"AB";"3085|12547|307140"
"467";"3296";"AB";"3085|4007|4614|11389|12053|12547|15700|41745|155830|322065|307140|325178|360279"
"468";"3297";"AB";"3085|4007|4614|11389|12053|12547|15700|41745|155830|322065|307140|325178|360279"
"469";"3298";"AB";"3085|4007|11389|12053|12547|15700|41745|155830|322065|307140|325178"
"470";"3299";"AB";"3085|4007|4614|11389|12053|12547|15700|41745|155830|322065|307140|325178|360279"
"471";"3300";"AB";"3085|4007|4614|11389|12053|12547|15700|41745|155830|322065|307140|325178|360279"
"472";"3301";"AB";"3085|4007|11389|12053|12547|15700|41745|155830|322065|307140|325178|360279"
"473";"3302";"AB";"3085|4007|11389|12053|12547|15700|41745|155830|322065|307140|325178|360279"
"474";"3303";"AB";"3085|4007|4614|11389|12053|12547|15700|41745|155830|322065|307140|325178|360279"
"475";"3304";"AB";"3085|4007|4614|11389|12053|12547|15700|41745|155830|322065|307140|325178|360279"
"476";"3305";"AB";"3085|12053|155830|325178|360279"
"477";"3310";"AB";"3085|4007|11389|12053|12547|15700|41745|155830|322065|307140|325178|360279"
"478";"3311";"AB";"3085|11389|15700|307140|325178"
"479";"3312";"AB";"3085|4007|11389|12053|12547|15700|41745|155830|307140|325178"
"480";"3314";"AB";"3085|4007|4614|11389|12053|12547|15700|41745|155830|322065|307140|325178|360279"
"481";"3315";"AB";"3085|4614|11389|12053|12547|15700|41745|155830|322065|307140|325178|360279"
"482";"3316";"AB";"3085|4614|11389|12053|41745|155830|322065|307140|325178|360279"
"483";"3317";"AB";"3085|11389|12053|41745|155830|322065|307140|325178|360279"
"484";"3318";"AB";"3085|4007|4614|12053|12547|41745|155830|317799"
"485";"3319";"AB";"3085|4007|11389|12053|12547|15700|41745|155830|322065|307140|325178|360279"
"486";"3320";"AB";"3085|11389|12053|12547|15700|41745|155830|322065|307140|325178|360279"
"487";"3321";"AB";"3085|11389|12053|41745|155830|322065|307140|325178|360279"
"488";"3322";"AB";"3085|11389|12053|41745|155830|322065|307140|325178|360279"
"489";"3323";"AB";"3085|4007|4614|11389|12053|12547|15700|41745|155830|322065|307140|325178|360279"
"490";"3324";"AB";"3085|4614|11389|12053|12547|15700|41745|155830|322065|307140|325178|360279"
"491";"3325";"AB";"3085|4614|11389|12053|41745|155830|322065|307140|325178|360279"
"492";"3326";"AB";"3085|4614|11389|12053|41745|155830|322065|307140|325178|360279"
"493";"3327";"AB";"3085|4007|11389|12547|15700|155830|322065|307140|325178|360279"
"494";"3328";"AB";"3085|11389|12053|12547|15700|41745|325178|360279"
"495";"3329";"AB";"3085|11389|12053|41745|155830|307140|325178"
"496";"3330";"AB";"4007|12053|41745|155830|307140|325178"
"497";"3332";"AB";"12053|15700|41745|360279"
"498";"3333";"AB";"4007|12547|307140"
"499";"3336";"AB";"12053|41745|155830|307140|325178"
"500";"3337";"AB";"307140|325178"
"501";"3338";"AB";"307140|325178"
"502";"3339";"AB";"12053|41745|360279"
"503";"3340";"AB";"12053|41745|360279"
"504";"3341";"AB";"11389|12053|12547|15700|155830|307140|325178"
"505";"3344";"AB";"4614|155830|317799"
"506";"3345";"AB";"4614|155830"
"507";"3348";"AB";"12053|41745|360279"
"508";"3349";"AB";"12053|41745|360279"
"509";"3350";"AB";"11389|12053|41745|155830|322065|307140|325178|360279"
"510";"3356";"AB";"307140|325178"
"511";"3369";"AB";"11389|12053|41745|155830|307140|325178"
"512";"3370";"AB";"11389|12053|41745|155830|307140|325178"
"513";"3371";"AB";"155830|307140"
"514";"3372";"AB";"155830|307140"
"515";"3399";"AB";"12053|41745"
"516";"4140";"AB";"4007|12053|41745|155830|307140|325178"
"517";"4148";"AB";"4007|15700|41745|325178"
"518";"4149";"AB";"4007|12053|41745|155830|307140|325178"
"519";"4151";"AB";"4614|11389|12053|12547|15700|41745|155830|322065|307140|325178|360279"
"520";"4152";"AB";"4614|11389|12053|12547|15700|41745|155830|322065|307140|325178|360279"
"521";"4153";"AB";"11389|12053|12547|15700|41745|155830|322065|307140|325178|360279"
"522";"4159";"AB";"12053|12547|15700|41745|155830|322065|307140|325178|360279"
"523";"4161";"AB";"4614|11389|12053|12547|15700|41745|155830|322065|307140|325178|360279"
"524";"4162";"AB";"11389|12053|12547|15700|41745|155830|322065|307140|325178|360279"
"525";"4163";"AB";"4614|12053|12547|41745|155830|317799"
"526";"4173";"AB";"12547|15700|155830|307140|325178"
"527";"4174";"AB";"12547|15700|155830"
"528";"4184";"AB";"15700|155830"
"529";"49";"AB";"585077|587204|3085|4007|4614|41745|155830|317799"
"530";"51";"AB";"585077|587204|3085|4007|4614|41745|155830|317799"
"531";"5152";"AB";"4614|11389|12053|12547|15700|41745|155830|322065|307140|325178|360279"
"532";"5153";"AB";"4614|11389|12053|12547|15700|41745|155830|322065|307140|325178|360279"
"533";"5154";"AB";"4614|12053|12547|41745|155830|317799"
"534";"5158";"AB";"4614|11389|12053|12547|15700|41745|155830|322065|307140|325178|360279"
"535";"5159";"AB";"4614|11389|12053|12547|15700|41745|155830|322065|307140|325178|360279"
"536";"5160";"AB";"4614|12053|12547|41745|155830|317799"
"537";"5161";"AB";"4614|11389|12053|15700|41745|155830|322065|307140|325178|360279"
"538";"5162";"AB";"4614|11389|12053|41745|155830|322065|307140|325178|360279"
"539";"5163";"AB";"4614|11389|12053|41745|155830|322065|307140|325178|360279"
"540";"5164";"AB";"4614|11389|12053|41745|155830|322065|307140|325178|360279"
"541";"5166";"AB";"4614|12053|12547|41745|155830|317799"
"542";"5167";"AB";"4614|12053|12547|41745|155830|317799"
"543";"5169";"AB";"4614|11389|12053|12547|15700|41745|155830|322065|307140|325178|360279"
"544";"5170";"AB";"4614|11389|12053|12547|15700|41745|155830|322065|307140|325178|360279"
"545";"5171";"AB";"4614|11389|12053|12547|15700|41745|155830|322065|307140|325178|360279"
"546";"5172";"AB";"4614|11389|12053|12547|15700|41745|155830|322065|307140|325178|360279"
"547";"5173";"AB";"4614|12053|12547|41745|155830|317799"
"548";"5174";"AB";"4614|11389|12053|15700|41745|155830|322065|307140|325178|360279"
"549";"5175";"AB";"4614|11389|12053|41745|155830|322065|307140|325178|360279"
"550";"5176";"AB";"4614|11389|12053|41745|155830|322065|307140|325178|360279"
"551";"5177";"AB";"4614|11389|12053|41745|155830|322065|307140|325178|360279"
"552";"5179";"AB";"4614|12053|12547|41745|155830|317799"
"553";"5180";"AB";"4614|12053|12547|41745|155830|317799"
"554";"5181";"AB";"11389|12053|41745|155830|322065|307140|325178|360279"
"555";"5182";"AB";"11389|12053|41745|155830|322065|307140|325178"
"556";"5185";"AB";"11389|12053|41745|155830|322065|307140"
"557";"5188";"AB";"12053|41745|307140"
"558";"5189";"AB";"12053|41745|307140"
"559";"5191";"AB";"12053|317799"
"560";"5192";"AB";"12053|317799"
"561";"52";"AB";"585077|587204|4614|41745|155830|317799"
"562";"53";"AB";"587204|4614|41745|155830|317799"
"563";"54";"AB";"587204|4614|41745|155830|317799"
"564";"662";"AB";"589515|586805|587198|587571|588411|3085|4007|4614|11389|12053|12547|15700|41745|155830|322065|307140|325178|360279"
"565";"663";"AB";"4007|12053|12547|15700|155830|322065|360279"
"566";"664";"AB";"4007|12053|155830|322065"
"567";"665";"AB";"589515|586805|587198|587571|588411|3085|4007|4614|11389|12053|12547|15700|41745|155830|322065|307140|325178|360279"
"568";"666";"AB";"12053|41745|155830|307140|360279"
"569";"667";"AB";"586805|587198|587571|588411|3085|4007|4614|11389|12053|12547|15700|41745|155830|322065|307140|325178|360279"
"570";"668";"AB";"586805|587198|587571|588411|3085|4007|4614|11389|12053|15700|41745|155830|322065|307140|325178|360279"
"571";"669";"AB";"586805|587198|587571|588411|3085|4614|11389|12053|41745|155830|322065|307140|325178|360279"
"572";"670";"AB";"586805|587198|587571|588411|3085|4614|11389|12053|41745|155830|322065|307140|325178|360279"
"573";"672";"AB";"41745|155830|307140|360279"
"574";"673";"AB";"155830|360279"
"575";"674";"AB";"155830|360279"
"576";"9592";"AB";"12547|15700|322065|307140|325178"
"577";"9594";"AB";"11389|12053|12547|15700|41745|155830|322065|307140|325178|360279"
"578";"9595";"AB";"11389|12053|12547|15700|41745|155830|322065|307140|325178|360279"
"579";"9596";"AB";"11389|12053|12547|15700|41745|155830|322065|307140|325178|360279"
"580";"9597";"AB";"11389|12053|15700|307140"
"581";"9598";"AB";"11389|12053|307140"
"582";"9599";"AB";"11389|12053|12547|15700|41745|155830|322065|307140|325178|360279"
"583";"9600";"AB";"11389|12053|12547|15700|41745|155830|322065|307140|325178|360279"
"584";"9601";"AB";"11389|12053|15700|41745|155830|322065|307140|325178|360279"
"585";"9602";"AB";"12547|15700|322065|307140|325178|360279"
"586";"9603";"AB";"12053|12547|15700|41745|155830|307140|325178"
"587";"9604";"AB";"12053|12547|15700|41745|155830|307140|325178"
"588";"9605";"AB";"12053|12547|15700|41745|155830|307140|325178"
"589";"9606";"AB";"12053|15700|41745|155830|307140|325178"
"590";"9607";"AB";"12547|15700|322065|307140"
"591";"9608";"AB";"12547|15700|307140"
"592";"9611";"AB";"11389|12053|12547|15700|41745|155830|322065|307140|325178|360279"
"593";"9612";"AB";"11389|12053|12547|15700|41745|155830|322065|307140|325178|360279"
"594";"9613";"AB";"11389|12053|12547|15700|41745|155830|322065|307140|325178|360279"
"595";"9614";"AB";"11389|12053|12547|15700|41745|155830|322065|307140|325178|360279"
"596";"9615";"AB";"11389|12053|12547|15700|41745|155830|322065|307140|325178|360279"
"597";"9616";"AB";"11389|12053|12547|15700|41745|155830|322065|307140|325178|360279"
"598";"9618";"AB";"11389|12053|12547|15700|41745|155830|322065|307140|325178|360279"
"599";"9619";"AB";"11389|12053|12547|15700|41745|155830|322065|307140|325178|360279"
"600";"9620";"AB";"11389|12053|15700|41745|155830|322065|307140|325178|360279"
"601";"9621";"AB";"11389|12053|12547|15700|41745|155830|322065|307140|325178|360279"
"602";"9622";"AB";"11389|12053|12547|15700|41745|155830|322065|307140|325178|360279"
"603";"9623";"AB";"11389|12053|12547|15700|41745|155830|322065|307140|325178|360279"
"604";"9625";"AB";"11389|12053|12547|15700|41745|155830|322065|307140|325178|360279"
"605";"9626";"AB";"11389|12053|41745|155830|322065|307140|325178|360279"
"606";"9627";"AB";"11389|12053|41745|155830|322065|307140|325178|360279"
"607";"9628";"AB";"11389|12053|41745|155830|322065|307140|325178|360279"
"608";"9629";"AB";"11389|12053|41745|155830|322065|307140|325178"
"609";"9630";"AB";"11389|12053|41745|155830|322065|307140|325178"
"610";"9631";"AB";"11389|12053|41745|155830|322065|307140|325178|360279"
"611";"9632";"AB";"11389|12053|41745|155830|322065|307140|325178|360279"
"612";"9633";"AB";"11389|12053|41745|155830|322065|307140|325178|360279"
"613";"9634";"AB";"11389|12053|41745|155830|322065|307140|325178|360279"
"614";"9635";"AB";"11389|12053|41745|155830|322065|307140|325178"
"615";"9636";"AB";"12547|15700|155830|322065|360279"
"616";"9637";"AB";"15700"
"617";"9643";"AB";"12053|12547|15700|41745|155830|322065|307140|325178|360279"
"618";"9644";"AB";"12053|41745|155830|322065|307140|325178|360279"
"619";"9645";"AB";"12053|41745|155830|322065|307140|325178|360279"
"620";"9646";"AB";"12053|41745|155830|322065|307140|325178|360279"
"621";"9647";"AB";"12053|41745|155830|322065|307140|325178"
"622";"9649";"AB";"12053|41745|307140|325178|360279"
"623";"9650";"AB";"12053|41745|307140|325178"
"624";"9651";"AB";"12053|307140|325178"
"625";"9654";"AB";"12053|307140|325178"
"626";"9655";"AB";"12053|307140|325178"
"627";"9656";"AB";"12053|307140|325178"
"628";"9657";"AB";"325178"
"629";"9659";"AB";"12053|41745|155830|322065|307140"
"630";"9958";"AB";"12053|12547|15700|41745|155830|322065|307140|325178|360279"
"631";"9959";"AB";"12053|12547|15700|155830|322065|307140|325178|360279"
"632";"9960";"AB";"12053|15700|155830|322065|307140"
"633";"9966";"AB";"12053|12547|15700|41745|155830|322065|307140|325178|360279"
"634";"9967";"AB";"12053|12547|15700|41745|155830|322065|307140|325178|360279"
"635";"9970";"AB";"12053|12547|15700|41745|155830|322065|307140|325178|360279"
"636";"9971";"AB";"12053|12547|15700|41745|155830|322065|307140|325178|360279"
"637";"9977";"AB";"12053|41745|155830|325178|360279"
"638";"9978";"AB";"12053|155830|325178|360279"
"639";"9979";"AB";"12053|12547|15700|41745|155830|322065|307140|325178|360279"
"640";"9980";"AB";"12053|41745|155830|322065|307140|325178|360279"
"641";"9981";"AB";"12053|12547|41745|155830|317799"
"642";"9983";"AB";"12053|12547|41745|155830|317799"
"643";"9984";"AB";"12053|12547|41745|155830|317799"
"644";"9985";"AB";"12053|12547|15700|41745|155830|322065|307140|325178|360279"
"645";"9986";"AB";"12053|12547|15700|41745|155830|322065|307140|325178|360279"
"646";"9990";"AB";"325178|360279"
"647";"9996";"AB";"12053|12547|15700|41745|155830|322065|307140|325178|360279"
"648";"9997";"AB";"12053|12547|15700|41745|155830|322065|307140|325178|360279"
"649";"9998";"AB";"12053|12547|15700|41745|155830|322065|307140|325178|360279"
"650";"9999";"AB";"12053|12547|15700|41745|155830|322065|307140|325178|360279"
"651";"10004";"B";"12053|12547|307140|325178"
"652";"10005";"B";"12053|155830|307140|325178"
"653";"10006";"B";"12053|325178"
"654";"10009";"B";"12053|325178"
"655";"10010";"B";"12053"
"656";"10011";"B";"12053"
"657";"10017";"B";"12053|12547|41745|155830|317799"
"658";"10026";"B";"12053|15700|155830|325178"
"659";"10027";"B";"12053|12547|15700|307140|325178"
"660";"10028";"B";"12053|12547"
"661";"10039";"B";"307140|325178"
"662";"10040";"B";"325178"
"663";"10042";"B";"155830|307140|325178"
"664";"10043";"B";"12547"
"665";"10044";"B";"12547|307140|325178"
"666";"10046";"B";"15700|155830"
"667";"10049";"B";"307140"
"668";"10050";"B";"307140"
"669";"10052";"B";"15700|155830"
"670";"10053";"B";"15700|155830"
"671";"10057";"B";"325178"
"672";"10058";"B";"155830"
"673";"10061";"B";"41745|155830|317799"
"674";"10062";"B";"41745|155830|317799"
"675";"10070";"B";"325178"
"676";"10071";"B";"325178"
"677";"10072";"B";"15700|41745|325178"
"678";"10076";"B";"307140"
"679";"10077";"B";"307140|325178"
"680";"10078";"B";"325178"
"681";"10079";"B";"15700|155830"
"682";"10082";"B";"307140|325178"
"683";"10083";"B";"41745|155830|307140"
"684";"10084";"B";"41745|155830|307140"
"685";"10085";"B";"41745|307140"
"686";"10088";"B";"41745|307140"
"687";"10122";"B";"12547|307140"
"688";"10126";"B";"12547|41745|155830|317799"
"689";"10127";"B";"307140"
"690";"10133";"B";"12547|15700|155830|322065|307140"
"691";"10134";"B";"12547|15700|325178"
"692";"10144";"B";"12547|15700"
"693";"10160";"B";"15700|307140|325178"
"694";"10161";"B";"325178"
"695";"10168";"B";"307140"
"696";"10169";"B";"307140|325178"
"697";"10170";"B";"41745|155830|317799"
"698";"10173";"B";"155830|322065|307140"
"699";"10176";"B";"307140|325178"
"700";"10177";"B";"307140"
"701";"10178";"B";"360279"
"702";"10181";"B";"155830|307140"
"703";"10183";"B";"325178"
"704";"11011";"B";"155830|322065"
"705";"11014";"B";"41745|322065|360279"
"706";"11016";"B";"155830|307140|325178"
"707";"11017";"B";"155830|307140|325178"
"708";"11019";"B";"325178"
"709";"11026";"B";"15700"
"710";"11030";"B";"155830|307140|325178"
"711";"11031";"B";"307140|325178"
"712";"11037";"B";"360279"
"713";"11038";"B";"41745|155830|307140|325178"
"714";"11039";"B";"41745|155830|307140|325178"
"715";"11045";"B";"155830|360279"
"716";"11047";"B";"360279"
"717";"11048";"B";"325178"
"718";"11053";"B";"41745"
"719";"14118";"B";"307140"
"720";"14132";"B";"41745|155830|317799"
"721";"14139";"B";"325178"
"722";"14147";"B";"41745|155830|317799"
"723";"14158";"B";"41745|322065"
"724";"14161";"B";"155830|317799"
"725";"14170";"B";"155830|317799"
"726";"14171";"B";"155830|307140"
"727";"14172";"B";"155830|307140"
"728";"14173";"B";"307140"
"729";"14174";"B";"307140"
"730";"14175";"B";"155830"
"731";"14176";"B";"155830"
"732";"14177";"B";"155830"
"733";"14178";"B";"155830|317799"
"734";"14179";"B";"325178"
"735";"15123";"B";"325178"
"736";"15130";"B";"155830|317799"
"737";"15133";"B";"155830|322065|307140|360279"
"738";"15137";"B";"322065|307140"
"739";"15144";"B";"155830|317799"
"740";"15152";"B";"155830|317799"
"741";"15153";"B";"155830|317799"
"742";"15162";"B";"307140|325178"
"743";"15163";"B";"307140|325178"
"744";"15168";"B";"307140|325178"
"745";"15171";"B";"307140|325178"
"746";"15172";"B";"307140|325178"
"747";"15173";"B";"307140|325178"
"748";"15175";"B";"307140|325178"
"749";"15176";"B";"307140|325178"
"750";"15179";"B";"307140|325178"
"751";"15180";"B";"322065|307140|325178"
"752";"15184";"B";"307140|325178"
"753";"15186";"B";"317799"
"754";"15187";"B";"317799"
"755";"15188";"B";"317799"
"756";"15189";"B";"317799"
"757";"15190";"B";"317799"
"758";"15191";"B";"322065|307140|360279"
"759";"15542";"B";"322065|360279"
"760";"15559";"B";"307140|325178|360279"
"761";"15560";"B";"307140"
"762";"15561";"B";"360279"
"763";"15577";"B";"307140|325178"
"764";"15578";"B";"307140|325178"
"765";"15579";"B";"307140|325178"
"766";"15585";"B";"307140|325178"
"767";"15586";"B";"325178"
"768";"15587";"B";"325178"
"769";"15593";"B";"307140"
"770";"15595";"B";"307140|325178|360279"
"771";"15615";"B";"307140|325178"
"772";"15622";"B";"325178"
"773";"15636";"B";"307140|325178"
"774";"15637";"B";"307140|325178"
"775";"15641";"B";"307140|325178|360279"
"776";"15647";"B";"307140"
"777";"15648";"B";"307140|325178|360279"
"778";"15649";"B";"307140|325178"
"779";"15651";"B";"307140|325178"
"780";"15669";"B";"307140|325178"
"781";"15670";"B";"307140|325178"
"782";"15671";"B";"307140|325178"
"783";"15675";"B";"325178"
"784";"15676";"B";"325178"
"785";"15677";"B";"325178"
"786";"15678";"B";"325178"
"787";"15679";"B";"325178"
"788";"15680";"B";"325178"
"789";"15681";"B";"325178"
"790";"15690";"B";"325178"
"791";"15697";"B";"325178"
"792";"15698";"B";"325178"
"793";"15699";"B";"325178"
"794";"15700";"B";"325178"
"795";"15706";"B";"325178"
"796";"15707";"B";"325178"
"797";"15708";"B";"325178"
"798";"15709";"B";"325178"
"799";"15710";"B";"325178"
"800";"15711";"B";"325178"
"801";"15712";"B";"325178"
"802";"15713";"B";"325178|360279"
"803";"15714";"B";"325178|360279"
"804";"15731";"B";"325178|360279"
"805";"15732";"B";"325178"
"806";"15733";"B";"325178"
"807";"15734";"B";"325178"
"808";"15735";"B";"325178"
"809";"15736";"B";"325178"
"810";"15737";"B";"325178"
"811";"15738";"B";"325178"
"812";"15739";"B";"325178|360279"
"813";"15740";"B";"325178"
"814";"15741";"B";"325178"
"815";"15742";"B";"325178"
"816";"15743";"B";"325178"
"817";"15744";"B";"325178"
"818";"15745";"B";"325178"
"819";"15757";"B";"325178|360279"
"820";"15760";"B";"325178"
"821";"15761";"B";"325178"
"822";"15774";"B";"325178"
"823";"15775";"B";"325178"
"824";"15776";"B";"325178|360279"
"825";"15777";"B";"325178"
"826";"15778";"B";"325178"
"827";"15779";"B";"325178"
"828";"15780";"B";"325178"
"829";"15781";"B";"325178"
"830";"15782";"B";"325178"
"831";"15783";"B";"325178"
"832";"15995";"B";"360279"
"833";"15996";"B";"360279"
"834";"15997";"B";"360279"
"835";"16003";"B";"360279"
"836";"1717";"B";"12053|41745"
"837";"1728";"B";"587204|3085|4614|12053|12547|41745|155830|317799"
"838";"1737";"B";"587204|3085|4614|12053|41745|155830|317799"
"839";"1743";"B";"4614|12053|41745|155830|317799"
"840";"1744";"B";"4614|12053|41745|155830|317799"
"841";"1754";"B";"587571|155830|325178"
"842";"1755";"B";"587571|155830"
"843";"1756";"B";"587571"
"844";"3236";"B";"3085|12053|12547|15700|307140|325178"
"845";"3239";"B";"3085|12547|15700|307140"
"846";"3242";"B";"4007|307140"
"847";"3243";"B";"4007|12053|307140|325178"
"848";"3244";"B";"307140"
"849";"3245";"B";"307140"
"850";"3255";"B";"3085|155830"
"851";"3262";"B";"3085|155830|325178"
"852";"3263";"B";"3085|307140"
"853";"3269";"B";"4007|12053|155830|307140|325178"
"854";"3270";"B";"15700"
"855";"3272";"B";"12547|322065|325178"
"856";"3273";"B";"307140"
"857";"3274";"B";"307140"
"858";"3275";"B";"307140"
"859";"3277";"B";"155830|325178"
"860";"3280";"B";"307140"
"861";"3283";"B";"325178"
"862";"3290";"B";"307140"
"863";"3293";"B";"3085|12547|307140"
"864";"3306";"B";"3085|325178"
"865";"3307";"B";"3085|4007|12053|307140|325178"
"866";"3308";"B";"3085"
"867";"3309";"B";"3085|12547|307140"
"868";"3313";"B";"3085|4007|12053|12547|15700|41745|155830|307140|325178"
"869";"3331";"B";"322065|307140"
"870";"3334";"B";"15700|360279"
"871";"3335";"B";"15700|360279"
"872";"3342";"B";"322065"
"873";"3343";"B";"4614|12053|12547|41745|155830|317799"
"874";"3346";"B";"4614"
"875";"3347";"B";"4614"
"876";"3352";"B";"12547|307140|325178"
"877";"3354";"B";"307140"
"878";"3355";"B";"360279"
"879";"3357";"B";"307140|325178"
"880";"3360";"B";"4007"
"881";"3361";"B";"325178"
"882";"3362";"B";"4007|12053"
"883";"3363";"B";"307140|325178"
"884";"3365";"B";"4007|307140"
"885";"3366";"B";"307140"
"886";"3367";"B";"15700"
"887";"3373";"B";"307140"
"888";"3374";"B";"325178"
"889";"3375";"B";"307140"
"890";"3378";"B";"360279"
"891";"3379";"B";"4614"
"892";"3380";"B";"307140"
"893";"3381";"B";"12053|41745"
"894";"3382";"B";"12053|41745"
"895";"3383";"B";"4614"
"896";"3390";"B";"12053|41745"
"897";"3395";"B";"307140|325178"
"898";"3396";"B";"307140|325178"
"899";"3402";"B";"307140"
"900";"3404";"B";"307140"
"901";"4136";"B";"15700|325178"
"902";"4138";"B";"4007"
"903";"4139";"B";"4007|155830|307140|325178"
"904";"4141";"B";"12053|15700|155830"
"905";"4142";"B";"322065|325178"
"906";"4144";"B";"12053"
"907";"4147";"B";"4007|12053"
"908";"4150";"B";"4007|12053|12547|41745|155830|307140|325178"
"909";"4154";"B";"11389"
"910";"4155";"B";"12053"
"911";"4156";"B";"12053|307140|325178"
"912";"4157";"B";"307140|325178"
"913";"4158";"B";"12053|12547|41745|155830|307140|325178"
"914";"4160";"B";"12053|12547|155830|307140|325178"
"915";"4164";"B";"12053"
"916";"4165";"B";"12547|307140"
"917";"4166";"B";"12053"
"918";"4169";"B";"325178"
"919";"4171";"B";"12053|12547|15700|155830|307140|325178"
"920";"4172";"B";"325178"
"921";"4177";"B";"12053"
"922";"4178";"B";"307140|325178"
"923";"4183";"B";"325178"
"924";"50";"B";"585077|587204|4614|41745|155830|317799"
"925";"5151";"B";"307140"
"926";"5155";"B";"155830"
"927";"5156";"B";"155830"
"928";"5157";"B";"155830"
"929";"5165";"B";"4614|12053|12547|41745|155830|317799"
"930";"5178";"B";"4614|12053|12547|41745|155830|317799"
"931";"5183";"B";"12053|41745|155830|317799"
"932";"5184";"B";"12053|41745|155830|317799"
"933";"5186";"B";"12053|41745|155830|307140"
"934";"5187";"B";"12053|41745|155830|307140"
"935";"5190";"B";"41745|307140"
"936";"5193";"B";"12053"
"937";"5195";"B";"11389|360279"
"938";"55";"B";"4614|41745|317799"
"939";"56";"B";"4614|41745|317799"
"940";"9591";"B";"12547|322065"
"941";"9609";"B";"12547|307140"
"942";"9610";"B";"12547|307140"
"943";"9617";"B";"11389"
"944";"9624";"B";"11389"
"945";"9638";"B";"15700"
"946";"9639";"B";"15700"
"947";"9648";"B";"12053|41745|322065|307140|325178|360279"
"948";"9652";"B";"12053|307140|325178"
"949";"9653";"B";"12053|307140|325178"
"950";"9957";"B";"12053|41745"
"951";"9963";"B";"307140"
"952";"9964";"B";"307140"
"953";"9965";"B";"307140"
"954";"9968";"B";"12053|307140|325178"
"955";"9969";"B";"12053|325178"
"956";"9972";"B";"12053|12547|307140|325178"
"957";"9973";"B";"12053"
"958";"9974";"B";"12053"
"959";"9975";"B";"12053|12547|15700|41745|322065"
"960";"9976";"B";"12053"
"961";"9982";"B";"12053|12547|41745|155830|317799"
"962";"9987";"B";"12547"
"963";"9988";"B";"325178"
"964";"9991";"B";"325178"
"965";"9992";"B";"325178|360279"
"966";"9993";"B";"325178|360279"
"967";"9994";"B";"325178|360279"
