"";"seq.id";"seq.type";"pids";"max.loc.diff";"max.ad.diff";"max.lc.diff";"has.dead";"has.alive";"has.mixed"
"1";"10063";"A";"317799";"1242";"3";"16396";"TRUE";"TRUE";"TRUE"
"2";"10064";"A";"317799";"1242";"3";"16396";"TRUE";"TRUE";"TRUE"
"3";"10081";"A";"15700|155830";"13193";"3";"44434";"TRUE";"TRUE";"TRUE"
"4";"14165";"A";"360279";"11930";"2";"13418";"TRUE";"TRUE";"TRUE"
"5";"15138";"A";"322065|307140";"14112";"1";"34938";"TRUE";"TRUE";"TRUE"
"6";"15139";"A";"322065|307140";"14112";"1";"34938";"TRUE";"TRUE";"TRUE"
"7";"15543";"A";"322065";"4263";"1";"22162";"TRUE";"TRUE";"TRUE"
"8";"15553";"A";"307140";"5766";"1";"56769";"TRUE";"TRUE";"TRUE"
"9";"15790";"A";"325178|360279";"487";"2";"2513";"TRUE";"TRUE";"TRUE"
"10";"15795";"A";"360279";"42";"2";"2513";"TRUE";"TRUE";"TRUE"
"11";"15796";"A";"360279";"42";"2";"2513";"TRUE";"TRUE";"TRUE"
"12";"16002";"A";"360279";"0";"3";"6356";"TRUE";"TRUE";"TRUE"
"13";"1757";"A";"587571";"223157";"1";"210837";"TRUE";"TRUE";"TRUE"
"14";"3256";"A";"3085|155830";"189";"1";"396";"TRUE";"TRUE";"TRUE"
"15";"3257";"A";"3085|155830";"189";"1";"396";"TRUE";"TRUE";"TRUE"
"16";"3384";"A";"4614";"189";"1";"396";"TRUE";"TRUE";"TRUE"
"17";"3385";"A";"4614";"189";"1";"396";"TRUE";"TRUE";"TRUE"
"18";"3397";"A";"307140|325178";"1093";"1";"7547";"TRUE";"TRUE";"TRUE"
"19";"3398";"A";"307140|325178";"1093";"1";"7547";"TRUE";"TRUE";"TRUE"
"20";"4168";"A";"325178";"13199";"2";"157853";"TRUE";"TRUE";"TRUE"
"21";"4175";"A";"325178";"13199";"2";"157853";"TRUE";"TRUE";"TRUE"
"22";"5194";"A";"12053";"10";"1";"884";"TRUE";"TRUE";"TRUE"
"23";"9640";"A";"15700";"1404";"2";"11568";"TRUE";"TRUE";"TRUE"
"24";"9641";"A";"15700";"1404";"2";"11568";"TRUE";"TRUE";"TRUE"
"25";"9658";"A";"325178";"1404";"2";"11568";"TRUE";"TRUE";"TRUE"
"26";"10000";"AB";"12053|12547|15700|41745|155830|322065|307140|325178|360279";"19446";"3";"181558";"TRUE";"TRUE";"TRUE"
"27";"10001";"AB";"12053|12547|15700|41745|155830|322065|307140|325178|360279";"19446";"3";"181558";"TRUE";"TRUE";"TRUE"
"28";"10002";"AB";"12053|12547|15700|41745|155830|322065|307140|325178|360279";"10742";"3";"18466";"TRUE";"TRUE";"TRUE"
"29";"10003";"AB";"12053|12547|15700|41745|155830|322065|307140|325178|360279";"0";"2";"659";"TRUE";"TRUE";"TRUE"
"30";"10007";"AB";"12053|12547|15700|41745|155830|322065|307140|325178|360279";"19446";"3";"181558";"TRUE";"TRUE";"TRUE"
"31";"10008";"AB";"12053|12547|15700|41745|155830|322065|307140|325178|360279";"19446";"3";"181558";"TRUE";"TRUE";"TRUE"
"32";"10012";"AB";"12053|12547|15700|41745|155830|322065|307140|325178|360279";"10742";"3";"18466";"TRUE";"TRUE";"TRUE"
"33";"10013";"AB";"12053|15700|41745|155830|322065|307140|325178|360279";"10742";"3";"18466";"TRUE";"TRUE";"TRUE"
"34";"10014";"AB";"12053|41745|155830|322065|307140|325178|360279";"10742";"3";"18466";"TRUE";"TRUE";"TRUE"
"35";"10015";"AB";"12053|41745|155830|322065|307140|325178|360279";"10742";"3";"18466";"TRUE";"TRUE";"TRUE"
"36";"10016";"AB";"12053|12547|41745|155830|317799";"1242";"3";"16396";"TRUE";"TRUE";"TRUE"
"37";"10018";"AB";"12053|12547|41745|155830|317799";"1242";"3";"16396";"TRUE";"TRUE";"TRUE"
"38";"10019";"AB";"12053|12547|41745|155830|317799";"1242";"3";"16396";"TRUE";"TRUE";"TRUE"
"39";"10020";"AB";"12053|12547|15700|41745|155830|322065|307140|325178|360279";"11";"2";"16396";"TRUE";"TRUE";"TRUE"
"40";"10021";"AB";"12053|12547|15700|41745|155830|322065|307140|325178|360279";"11";"2";"16396";"TRUE";"TRUE";"TRUE"
"41";"10022";"AB";"12053|12547|15700|41745|155830|322065|307140|325178|360279";"0";"2";"659";"TRUE";"TRUE";"TRUE"
"42";"10023";"AB";"12053|12547|15700|41745|155830|322065|307140|325178|360279";"0";"2";"659";"TRUE";"TRUE";"TRUE"
"43";"10024";"AB";"12053|12547|15700|41745|155830|322065|307140|325178|360279";"0";"2";"659";"TRUE";"TRUE";"TRUE"
"44";"10025";"AB";"12053|41745|155830|322065|307140|325178|360279";"0";"2";"659";"TRUE";"TRUE";"TRUE"
"45";"10029";"AB";"12053|41745|155830|322065|307140|325178|360279";"10742";"3";"18466";"TRUE";"TRUE";"TRUE"
"46";"10030";"AB";"12053|41745|155830|322065|307140|325178|360279";"10742";"3";"18466";"TRUE";"TRUE";"TRUE"
"47";"10031";"AB";"12053|41745|155830|322065|307140|325178";"10742";"3";"18466";"TRUE";"TRUE";"TRUE"
"48";"10032";"AB";"12053|41745|155830|322065|307140";"10742";"3";"18466";"TRUE";"TRUE";"TRUE"
"49";"10033";"AB";"12053|12547|15700|41745|155830|322065|307140|325178|360279";"11";"2";"16396";"TRUE";"TRUE";"TRUE"
"50";"10034";"AB";"12053|12547|15700|41745|155830|322065|307140|325178";"11";"2";"16396";"TRUE";"TRUE";"TRUE"
"51";"10035";"AB";"12053|41745|155830|322065|307140|325178";"11";"2";"16396";"TRUE";"TRUE";"TRUE"
"52";"10036";"AB";"12053|41745|155830|307140|325178";"11";"2";"16396";"TRUE";"TRUE";"TRUE"
"53";"10037";"AB";"12053|41745|307140|325178";"11";"2";"16396";"TRUE";"TRUE";"TRUE"
"54";"10038";"AB";"12053|41745|307140|325178";"11";"2";"16396";"TRUE";"TRUE";"TRUE"
"55";"10041";"AB";"41745|155830|307140|325178|360279";"20069";"3";"181558";"TRUE";"TRUE";"TRUE"
"56";"10047";"AB";"41745|307140";"20069";"3";"181558";"TRUE";"TRUE";"TRUE"
"57";"10048";"AB";"41745|307140";"20069";"3";"181558";"TRUE";"TRUE";"TRUE"
"58";"10054";"AB";"41745|155830|322065|307140|325178|360279";"0";"2";"659";"TRUE";"TRUE";"TRUE"
"59";"10055";"AB";"41745|155830|322065|307140|325178|360279";"0";"2";"659";"TRUE";"TRUE";"TRUE"
"60";"10067";"AB";"307140|325178";"11";"2";"16396";"TRUE";"TRUE";"TRUE"
"61";"10068";"AB";"41745|155830|322065|307140|325178";"0";"2";"659";"TRUE";"TRUE";"TRUE"
"62";"10069";"AB";"41745|155830|322065|307140|325178";"0";"2";"659";"TRUE";"TRUE";"TRUE"
"63";"10080";"AB";"15700|155830";"13193";"3";"44434";"TRUE";"TRUE";"TRUE"
"64";"10121";"AB";"12547|15700|155830|322065";"41511";"3";"47259";"TRUE";"TRUE";"TRUE"
"65";"10123";"AB";"12547|15700|155830|322065|307140|325178|360279";"37992";"3";"41428";"TRUE";"TRUE";"TRUE"
"66";"10124";"AB";"12547|15700";"37992";"3";"41428";"TRUE";"TRUE";"TRUE"
"67";"10125";"AB";"12547|15700|41745|155830|322065|307140|325178|360279";"37992";"3";"41428";"TRUE";"TRUE";"TRUE"
"68";"10135";"AB";"12547|15700|41745|155830|322065|307140|325178";"37992";"3";"41428";"TRUE";"TRUE";"TRUE"
"69";"10136";"AB";"12547|15700|41745|155830|322065|307140|325178|360279";"37992";"3";"41428";"TRUE";"TRUE";"TRUE"
"70";"10137";"AB";"12547|15700|41745|155830|322065|307140|325178|360279";"37992";"3";"41428";"TRUE";"TRUE";"TRUE"
"71";"10138";"AB";"12547|15700|41745|155830|322065|307140|325178|360279";"37992";"3";"41428";"TRUE";"TRUE";"TRUE"
"72";"10139";"AB";"12547|15700|41745|155830|322065|307140|325178|360279";"37992";"3";"41428";"TRUE";"TRUE";"TRUE"
"73";"10140";"AB";"12547|15700|41745|155830|322065|307140|325178|360279";"37992";"3";"41428";"TRUE";"TRUE";"TRUE"
"74";"10141";"AB";"12547|15700|41745|155830|322065|307140|325178|360279";"37992";"3";"41428";"TRUE";"TRUE";"TRUE"
"75";"10142";"AB";"12547|41745|155830|317799";"356";"3";"2900";"TRUE";"TRUE";"TRUE"
"76";"10143";"AB";"12547|15700|41745|155830|322065|307140|325178|360279";"0";"1";"294";"TRUE";"TRUE";"TRUE"
"77";"10145";"AB";"12547|15700";"41511";"3";"43090";"TRUE";"TRUE";"TRUE"
"78";"10146";"AB";"12547|15700|41745|155830|322065|307140|325178|360279";"41511";"3";"43090";"TRUE";"TRUE";"TRUE"
"79";"10147";"AB";"12547|15700|155830|322065|307140";"41511";"3";"43090";"TRUE";"TRUE";"TRUE"
"80";"10148";"AB";"12547|15700|41745|155830|307140|325178";"41511";"3";"43090";"TRUE";"TRUE";"TRUE"
"81";"10149";"AB";"12547|15700|41745|155830|322065|307140|325178";"37992";"3";"41428";"TRUE";"TRUE";"TRUE"
"82";"10150";"AB";"12547|15700|41745|155830|307140|325178";"37992";"3";"41428";"TRUE";"TRUE";"TRUE"
"83";"10151";"AB";"12547|15700|41745|155830|322065|307140|325178|360279";"37992";"3";"41428";"TRUE";"TRUE";"TRUE"
"84";"10152";"AB";"12547|15700|41745|155830|322065|307140|325178|360279";"37992";"3";"41428";"TRUE";"TRUE";"TRUE"
"85";"10153";"AB";"12547|41745|307140|325178";"37992";"3";"41428";"TRUE";"TRUE";"TRUE"
"86";"10154";"AB";"12547|15700|41745|322065|307140|325178";"37992";"3";"41428";"TRUE";"TRUE";"TRUE"
"87";"10155";"AB";"12547|15700|41745|155830|322065|307140|325178|360279";"144";"1";"294";"TRUE";"TRUE";"TRUE"
"88";"10156";"AB";"12547|15700|41745|155830|322065|307140|325178|360279";"144";"1";"294";"TRUE";"TRUE";"TRUE"
"89";"10157";"AB";"325178";"41511";"3";"47259";"TRUE";"TRUE";"TRUE"
"90";"10158";"AB";"15700|41745|155830|322065|307140|325178|360279";"144";"1";"294";"TRUE";"TRUE";"TRUE"
"91";"10159";"AB";"15700|41745|155830|322065|307140|325178|360279";"0";"1";"294";"TRUE";"TRUE";"TRUE"
"92";"10163";"AB";"155830|322065|307140|325178|360279";"37992";"3";"41428";"TRUE";"TRUE";"TRUE"
"93";"10164";"AB";"15700|41745|155830|307140|325178";"37992";"3";"41428";"TRUE";"TRUE";"TRUE"
"94";"10165";"AB";"15700|41745|155830|322065|307140|325178|360279";"37992";"3";"41428";"TRUE";"TRUE";"TRUE"
"95";"10166";"AB";"15700|41745|155830|322065|307140|325178|360279";"37992";"3";"41428";"TRUE";"TRUE";"TRUE"
"96";"10167";"AB";"15700|41745";"37992";"3";"41428";"TRUE";"TRUE";"TRUE"
"97";"10171";"AB";"41745|155830|317799";"356";"3";"2900";"TRUE";"TRUE";"TRUE"
"98";"10172";"AB";"41745|155830|317799";"356";"3";"2900";"TRUE";"TRUE";"TRUE"
"99";"10175";"AB";"15700|155830|307140|325178";"37992";"3";"41428";"TRUE";"TRUE";"TRUE"
"100";"10179";"AB";"155830|307140";"37992";"3";"41428";"TRUE";"TRUE";"TRUE"
"101";"10180";"AB";"155830|307140";"37992";"3";"41428";"TRUE";"TRUE";"TRUE"
"102";"11012";"AB";"15700|41745|155830|322065|307140|325178|360279";"2202";"2";"2204";"TRUE";"TRUE";"TRUE"
"103";"11020";"AB";"15700|41745|155830|322065|307140|325178|360279";"2940";"2";"23648";"TRUE";"TRUE";"TRUE"
"104";"11021";"AB";"15700|41745|155830|322065|307140|325178|360279";"2202";"2";"2204";"TRUE";"TRUE";"TRUE"
"105";"11022";"AB";"15700|41745|155830|322065|307140|325178|360279";"11";"1";"11";"TRUE";"TRUE";"TRUE"
"106";"11023";"AB";"15700|41745|155830|322065|307140|325178|360279";"0";"1";"9";"TRUE";"TRUE";"TRUE"
"107";"11024";"AB";"15700|41745|155830|322065|307140|325178|360279";"2940";"2";"23648";"TRUE";"TRUE";"TRUE"
"108";"11025";"AB";"15700|41745|322065|325178|360279";"2202";"2";"2204";"TRUE";"TRUE";"TRUE"
"109";"11027";"AB";"15700|41745|155830|322065|307140|325178|360279";"2202";"2";"2204";"TRUE";"TRUE";"TRUE"
"110";"11028";"AB";"15700|41745|155830|322065|307140|325178|360279";"2202";"2";"2204";"TRUE";"TRUE";"TRUE"
"111";"11029";"AB";"15700|41745|155830|322065|307140|325178|360279";"11";"1";"11";"TRUE";"TRUE";"TRUE"
"112";"11032";"AB";"41745|155830|322065|307140|325178|360279";"0";"1";"9";"TRUE";"TRUE";"TRUE"
"113";"11040";"AB";"41745|155830|307140|325178";"2202";"2";"2204";"TRUE";"TRUE";"TRUE"
"114";"11041";"AB";"41745|155830|325178";"2202";"2";"2204";"TRUE";"TRUE";"TRUE"
"115";"11042";"AB";"155830|325178";"2202";"2";"2204";"TRUE";"TRUE";"TRUE"
"116";"11043";"AB";"41745|155830|322065|307140|325178|360279";"2202";"2";"2204";"TRUE";"TRUE";"TRUE"
"117";"11044";"AB";"41745|155830|322065|307140|325178|360279";"11";"1";"11";"TRUE";"TRUE";"TRUE"
"118";"14119";"AB";"41745|155830|322065|307140|325178|360279";"11930";"2";"13418";"TRUE";"TRUE";"TRUE"
"119";"14120";"AB";"41745|155830|322065|307140|325178|360279";"11930";"2";"13418";"TRUE";"TRUE";"TRUE"
"120";"14121";"AB";"41745|155830|322065|307140|325178|360279";"11930";"2";"13418";"TRUE";"TRUE";"TRUE"
"121";"14122";"AB";"41745|155830|322065|307140|325178|360279";"2";"2";"10";"TRUE";"TRUE";"TRUE"
"122";"14123";"AB";"41745|155830|322065|307140|325178|360279";"2";"2";"13418";"TRUE";"TRUE";"TRUE"
"123";"14124";"AB";"41745|155830|322065|307140|325178|360279";"2";"2";"13418";"TRUE";"TRUE";"TRUE"
"124";"14125";"AB";"41745|155830|322065|307140|325178|360279";"2";"2";"13418";"TRUE";"TRUE";"TRUE"
"125";"14126";"AB";"41745|155830|322065|307140|325178|360279";"2";"2";"10";"TRUE";"TRUE";"TRUE"
"126";"14127";"AB";"41745|155830|322065|307140|325178|360279";"0";"0";"0";"TRUE";"TRUE";"TRUE"
"127";"14128";"AB";"41745|155830|322065|307140|325178|360279";"0";"0";"0";"TRUE";"TRUE";"TRUE"
"128";"14129";"AB";"41745|155830|322065|307140|325178|360279";"0";"0";"0";"TRUE";"TRUE";"TRUE"
"129";"14130";"AB";"41745|155830|322065|307140|325178|360279";"2";"2";"10";"TRUE";"TRUE";"TRUE"
"130";"14131";"AB";"41745|155830|322065|307140|325178|360279";"2";"2";"10";"TRUE";"TRUE";"TRUE"
"131";"14133";"AB";"41745|155830|322065|307140|325178|360279";"2";"2";"13418";"TRUE";"TRUE";"TRUE"
"132";"14134";"AB";"41745|155830|322065|307140|325178|360279";"2";"2";"13418";"TRUE";"TRUE";"TRUE"
"133";"14135";"AB";"41745|155830|322065|307140|325178|360279";"2";"2";"13418";"TRUE";"TRUE";"TRUE"
"134";"14136";"AB";"41745|155830|307140|325178|360279";"2";"2";"13418";"TRUE";"TRUE";"TRUE"
"135";"14137";"AB";"41745|155830|307140|325178";"2";"2";"13418";"TRUE";"TRUE";"TRUE"
"136";"14138";"AB";"41745|155830|322065|307140|325178|360279";"2";"2";"10";"TRUE";"TRUE";"TRUE"
"137";"14140";"AB";"41745|155830|322065|307140|325178|360279";"34436";"2";"36912";"TRUE";"TRUE";"TRUE"
"138";"14141";"AB";"41745|155830|322065|307140|325178|360279";"2";"2";"13418";"TRUE";"TRUE";"TRUE"
"139";"14142";"AB";"41745|155830|322065|307140|325178|360279";"2";"2";"13418";"TRUE";"TRUE";"TRUE"
"140";"14143";"AB";"41745|155830|322065|307140|325178|360279";"2";"2";"13418";"TRUE";"TRUE";"TRUE"
"141";"14144";"AB";"41745|155830|322065|307140|325178|360279";"2";"2";"10";"TRUE";"TRUE";"TRUE"
"142";"14145";"AB";"41745|155830|322065|307140|325178|360279";"2";"2";"10";"TRUE";"TRUE";"TRUE"
"143";"14146";"AB";"41745|155830|322065|307140|325178|360279";"2";"2";"10";"TRUE";"TRUE";"TRUE"
"144";"14148";"AB";"41745|155830|322065|307140|325178|360279";"2";"2";"13418";"TRUE";"TRUE";"TRUE"
"145";"14149";"AB";"41745|155830|322065|307140|325178|360279";"2";"2";"13418";"TRUE";"TRUE";"TRUE"
"146";"14150";"AB";"41745|155830|322065|307140|325178|360279";"2";"2";"13418";"TRUE";"TRUE";"TRUE"
"147";"14151";"AB";"41745|155830|322065|307140|325178|360279";"2";"2";"13418";"TRUE";"TRUE";"TRUE"
"148";"14152";"AB";"41745|155830|322065|307140|325178";"2";"2";"13418";"TRUE";"TRUE";"TRUE"
"149";"14153";"AB";"41745|155830|322065|307140|325178|360279";"2";"2";"10";"TRUE";"TRUE";"TRUE"
"150";"14154";"AB";"41745|155830|322065|307140|325178|360279";"2";"2";"10";"TRUE";"TRUE";"TRUE"
"151";"14155";"AB";"41745|155830|322065|307140|325178|360279";"2";"2";"10";"TRUE";"TRUE";"TRUE"
"152";"14156";"AB";"41745|155830|322065|307140|325178|360279";"2";"2";"10";"TRUE";"TRUE";"TRUE"
"153";"14157";"AB";"41745|155830|322065|307140|325178";"2";"2";"10";"TRUE";"TRUE";"TRUE"
"154";"14159";"AB";"41745|155830|322065|307140";"2";"2";"13418";"TRUE";"TRUE";"TRUE"
"155";"14160";"AB";"307140|360279";"34436";"2";"36912";"TRUE";"TRUE";"TRUE"
"156";"14163";"AB";"155830|322065|307140|325178";"2";"2";"10";"TRUE";"TRUE";"TRUE"
"157";"14167";"AB";"307140|360279";"34436";"2";"36912";"TRUE";"TRUE";"TRUE"
"158";"14168";"AB";"155830|317799";"11930";"2";"13418";"TRUE";"TRUE";"TRUE"
"159";"14169";"AB";"155830|317799";"11930";"2";"13418";"TRUE";"TRUE";"TRUE"
"160";"15122";"AB";"155830|322065|307140|325178|360279";"14112";"1";"15716";"TRUE";"TRUE";"TRUE"
"161";"15126";"AB";"155830|322065|307140|325178|360279";"14112";"1";"15716";"TRUE";"TRUE";"TRUE"
"162";"15127";"AB";"155830|322065|307140|325178|360279";"0";"1";"45";"TRUE";"TRUE";"TRUE"
"163";"15128";"AB";"155830|322065|307140|325178|360279";"14112";"1";"15716";"TRUE";"TRUE";"TRUE"
"164";"15129";"AB";"155830|322065|307140|325178|360279";"727";"1";"1084";"TRUE";"TRUE";"TRUE"
"165";"15131";"AB";"155830|322065|307140|325178|360279";"14112";"1";"15716";"TRUE";"TRUE";"TRUE"
"166";"15132";"AB";"155830|322065|307140|325178|360279";"14112";"1";"15716";"TRUE";"TRUE";"TRUE"
"167";"15134";"AB";"155830|322065|307140|325178|360279";"727";"1";"1084";"TRUE";"TRUE";"TRUE"
"168";"15135";"AB";"322065|307140|325178|360279";"14112";"1";"34938";"TRUE";"TRUE";"TRUE"
"169";"15136";"AB";"322065|307140|360279";"2667";"1";"9040";"TRUE";"TRUE";"TRUE"
"170";"15141";"AB";"322065|307140|360279";"2667";"1";"9040";"TRUE";"TRUE";"TRUE"
"171";"15142";"AB";"155830|322065|307140|325178|360279";"14112";"1";"15716";"TRUE";"TRUE";"TRUE"
"172";"15143";"AB";"155830|322065|307140|325178|360279";"589";"1";"1084";"TRUE";"TRUE";"TRUE"
"173";"15145";"AB";"155830|322065|307140|325178|360279";"14112";"1";"15716";"TRUE";"TRUE";"TRUE"
"174";"15146";"AB";"155830|322065|307140|325178|360279";"14112";"1";"15716";"TRUE";"TRUE";"TRUE"
"175";"15147";"AB";"155830|322065|307140|325178|360279";"14112";"1";"15716";"TRUE";"TRUE";"TRUE"
"176";"15148";"AB";"155830|322065|307140|325178|360279";"2667";"1";"9040";"TRUE";"TRUE";"TRUE"
"177";"15149";"AB";"155830|322065|307140|325178|360279";"589";"1";"1084";"TRUE";"TRUE";"TRUE"
"178";"15150";"AB";"155830|322065|307140|325178|360279";"589";"1";"1084";"TRUE";"TRUE";"TRUE"
"179";"15151";"AB";"155830|322065|307140|325178|360279";"589";"1";"1084";"TRUE";"TRUE";"TRUE"
"180";"15154";"AB";"155830|317799";"14112";"1";"46768";"TRUE";"TRUE";"TRUE"
"181";"15155";"AB";"155830|317799";"14112";"1";"46768";"TRUE";"TRUE";"TRUE"
"182";"15156";"AB";"155830|322065|307140|325178|360279";"14112";"1";"15716";"TRUE";"TRUE";"TRUE"
"183";"15157";"AB";"307140|325178";"42762";"2";"370910";"TRUE";"TRUE";"TRUE"
"184";"15158";"AB";"307140|325178|360279";"42762";"2";"319118";"TRUE";"TRUE";"TRUE"
"185";"15159";"AB";"322065|307140|325178|360279";"727";"1";"1084";"TRUE";"TRUE";"TRUE"
"186";"15160";"AB";"322065|307140|325178|360279";"727";"1";"1084";"TRUE";"TRUE";"TRUE"
"187";"15164";"AB";"322065|307140|325178|360279";"727";"1";"1084";"TRUE";"TRUE";"TRUE"
"188";"15165";"AB";"322065|307140|325178|360279";"14112";"1";"15716";"TRUE";"TRUE";"TRUE"
"189";"15166";"AB";"322065|307140|325178|360279";"14112";"1";"15716";"TRUE";"TRUE";"TRUE"
"190";"15167";"AB";"322065|307140|325178";"14112";"1";"15716";"TRUE";"TRUE";"TRUE"
"191";"15169";"AB";"307140|325178";"2667";"1";"9040";"TRUE";"TRUE";"TRUE"
"192";"15170";"AB";"307140|325178";"2667";"1";"9040";"TRUE";"TRUE";"TRUE"
"193";"15174";"AB";"307140|325178";"2667";"1";"9040";"TRUE";"TRUE";"TRUE"
"194";"15177";"AB";"307140|325178";"727";"1";"2796";"TRUE";"TRUE";"TRUE"
"195";"15178";"AB";"307140|325178";"727";"1";"2796";"TRUE";"TRUE";"TRUE"
"196";"15181";"AB";"322065|307140|325178";"727";"1";"1084";"TRUE";"TRUE";"TRUE"
"197";"15182";"AB";"322065|307140|325178";"727";"1";"1084";"TRUE";"TRUE";"TRUE"
"198";"15183";"AB";"322065|307140|325178|360279";"589";"1";"1084";"TRUE";"TRUE";"TRUE"
"199";"15192";"AB";"322065|360279";"14112";"1";"34938";"TRUE";"TRUE";"TRUE"
"200";"15193";"AB";"322065|307140|325178";"14112";"1";"15716";"TRUE";"TRUE";"TRUE"
"201";"15194";"AB";"322065|360279";"14112";"1";"34938";"TRUE";"TRUE";"TRUE"
"202";"15531";"AB";"307140|325178";"4263";"1";"22162";"TRUE";"TRUE";"TRUE"
"203";"15532";"AB";"322065|307140|325178|360279";"32";"1";"68";"TRUE";"TRUE";"TRUE"
"204";"15533";"AB";"322065|307140|325178|360279";"32";"1";"68";"TRUE";"TRUE";"TRUE"
"205";"15534";"AB";"322065|307140|325178";"4263";"1";"22162";"TRUE";"TRUE";"TRUE"
"206";"15535";"AB";"322065|307140|325178|360279";"32";"1";"68";"TRUE";"TRUE";"TRUE"
"207";"15536";"AB";"322065|307140|325178|360279";"32";"1";"68";"TRUE";"TRUE";"TRUE"
"208";"15537";"AB";"322065|307140|325178|360279";"32";"1";"68";"TRUE";"TRUE";"TRUE"
"209";"15539";"AB";"322065|307140|325178|360279";"5766";"1";"56769";"TRUE";"TRUE";"TRUE"
"210";"15540";"AB";"322065|307140|325178|360279";"5766";"1";"56769";"TRUE";"TRUE";"TRUE"
"211";"15541";"AB";"322065|307140|325178|360279";"5766";"1";"56769";"TRUE";"TRUE";"TRUE"
"212";"15544";"AB";"322065|307140|325178|360279";"426";"1";"1294";"TRUE";"TRUE";"TRUE"
"213";"15545";"AB";"322065|307140|325178|360279";"426";"1";"1294";"TRUE";"TRUE";"TRUE"
"214";"15546";"AB";"322065|307140|325178|360279";"426";"1";"1294";"TRUE";"TRUE";"TRUE"
"215";"15547";"AB";"322065|307140|325178|360279";"32";"1";"68";"TRUE";"TRUE";"TRUE"
"216";"15548";"AB";"322065|307140|325178|360279";"32";"1";"68";"TRUE";"TRUE";"TRUE"
"217";"15549";"AB";"322065|307140|325178|360279";"32";"1";"68";"TRUE";"TRUE";"TRUE"
"218";"15550";"AB";"322065|307140|325178|360279";"426";"1";"1294";"TRUE";"TRUE";"TRUE"
"219";"15551";"AB";"322065|307140|325178|360279";"426";"1";"1294";"TRUE";"TRUE";"TRUE"
"220";"15552";"AB";"322065|307140|325178|360279";"426";"1";"1294";"TRUE";"TRUE";"TRUE"
"221";"15554";"AB";"307140|325178|360279";"32";"1";"68";"TRUE";"TRUE";"TRUE"
"222";"15555";"AB";"307140|325178|360279";"426";"1";"1294";"TRUE";"TRUE";"TRUE"
"223";"15556";"AB";"307140|325178";"426";"1";"1294";"TRUE";"TRUE";"TRUE"
"224";"15557";"AB";"307140|325178|360279";"32";"1";"68";"TRUE";"TRUE";"TRUE"
"225";"15558";"AB";"307140|325178|360279";"32";"1";"68";"TRUE";"TRUE";"TRUE"
"226";"15569";"AB";"307140|325178|360279";"1139";"1";"7355";"TRUE";"TRUE";"TRUE"
"227";"15570";"AB";"307140|325178|360279";"201";"1";"713";"TRUE";"TRUE";"TRUE"
"228";"15571";"AB";"307140|325178|360279";"1139";"1";"7355";"TRUE";"TRUE";"TRUE"
"229";"15572";"AB";"307140|325178";"1320";"1";"11934";"TRUE";"TRUE";"TRUE"
"230";"15573";"AB";"307140|325178|360279";"201";"1";"713";"TRUE";"TRUE";"TRUE"
"231";"15574";"AB";"307140|325178|360279";"0";"0";"0";"TRUE";"TRUE";"TRUE"
"232";"15575";"AB";"307140|325178|360279";"201";"1";"713";"TRUE";"TRUE";"TRUE"
"233";"15576";"AB";"307140|325178|360279";"201";"1";"713";"TRUE";"TRUE";"TRUE"
"234";"15580";"AB";"307140|325178";"1139";"1";"7355";"TRUE";"TRUE";"TRUE"
"235";"15581";"AB";"307140|325178";"1139";"1";"7355";"TRUE";"TRUE";"TRUE"
"236";"15582";"AB";"307140|325178|360279";"201";"1";"713";"TRUE";"TRUE";"TRUE"
"237";"15583";"AB";"307140|325178|360279";"0";"0";"0";"TRUE";"TRUE";"TRUE"
"238";"15584";"AB";"307140|325178|360279";"0";"0";"0";"TRUE";"TRUE";"TRUE"
"239";"15588";"AB";"307140|325178|360279";"1320";"1";"11934";"TRUE";"TRUE";"TRUE"
"240";"15589";"AB";"307140|325178|360279";"240";"1";"7355";"TRUE";"TRUE";"TRUE"
"241";"15590";"AB";"307140|325178|360279";"201";"1";"713";"TRUE";"TRUE";"TRUE"
"242";"15591";"AB";"307140|325178|360279";"201";"1";"713";"TRUE";"TRUE";"TRUE"
"243";"15592";"AB";"307140|325178|360279";"0";"0";"0";"TRUE";"TRUE";"TRUE"
"244";"15594";"AB";"307140|325178|360279";"1320";"1";"11934";"TRUE";"TRUE";"TRUE"
"245";"15596";"AB";"307140|325178|360279";"240";"1";"7355";"TRUE";"TRUE";"TRUE"
"246";"15597";"AB";"307140|325178|360279";"240";"1";"7355";"TRUE";"TRUE";"TRUE"
"247";"15598";"AB";"307140|325178|360279";"240";"1";"7355";"TRUE";"TRUE";"TRUE"
"248";"15599";"AB";"307140|325178|360279";"201";"1";"713";"TRUE";"TRUE";"TRUE"
"249";"15600";"AB";"307140|325178";"201";"1";"713";"TRUE";"TRUE";"TRUE"
"250";"15601";"AB";"307140|325178";"201";"1";"713";"TRUE";"TRUE";"TRUE"
"251";"15602";"AB";"307140|325178|360279";"0";"0";"0";"TRUE";"TRUE";"TRUE"
"252";"15603";"AB";"307140|325178|360279";"0";"0";"0";"TRUE";"TRUE";"TRUE"
"253";"15604";"AB";"307140|325178|360279";"0";"0";"0";"TRUE";"TRUE";"TRUE"
"254";"15605";"AB";"307140|325178|360279";"240";"1";"7355";"TRUE";"TRUE";"TRUE"
"255";"15606";"AB";"307140|325178|360279";"240";"1";"7355";"TRUE";"TRUE";"TRUE"
"256";"15607";"AB";"307140|325178|360279";"240";"1";"7355";"TRUE";"TRUE";"TRUE"
"257";"15608";"AB";"307140|325178";"240";"1";"7355";"TRUE";"TRUE";"TRUE"
"258";"15609";"AB";"307140|325178";"240";"1";"7355";"TRUE";"TRUE";"TRUE"
"259";"15610";"AB";"307140|325178";"240";"1";"7355";"TRUE";"FALSE";"FALSE"
"260";"15611";"AB";"307140|325178";"201";"1";"713";"TRUE";"TRUE";"TRUE"
"261";"15612";"AB";"307140|325178";"201";"1";"713";"TRUE";"TRUE";"TRUE"
"262";"15613";"AB";"307140|325178";"201";"1";"713";"TRUE";"TRUE";"TRUE"
"263";"15614";"AB";"307140|325178";"201";"1";"713";"TRUE";"FALSE";"FALSE"
"264";"15616";"AB";"307140|325178";"201";"1";"713";"TRUE";"FALSE";"FALSE"
"265";"15617";"AB";"307140|325178|360279";"0";"0";"0";"TRUE";"TRUE";"TRUE"
"266";"15618";"AB";"307140|325178|360279";"0";"0";"0";"TRUE";"TRUE";"TRUE"
"267";"15619";"AB";"307140|325178|360279";"0";"0";"0";"TRUE";"TRUE";"TRUE"
"268";"15620";"AB";"307140|325178";"0";"0";"0";"TRUE";"TRUE";"TRUE"
"269";"15621";"AB";"307140|325178";"0";"0";"0";"TRUE";"FALSE";"FALSE"
"270";"15624";"AB";"307140|325178|360279";"1320";"1";"11934";"TRUE";"TRUE";"TRUE"
"271";"15625";"AB";"307140|325178|360279";"1320";"1";"11934";"TRUE";"TRUE";"TRUE"
"272";"15626";"AB";"307140|325178|360279";"1139";"1";"7355";"TRUE";"TRUE";"TRUE"
"273";"15627";"AB";"307140|325178|360279";"240";"1";"7355";"TRUE";"TRUE";"TRUE"
"274";"15628";"AB";"307140|325178|360279";"201";"1";"713";"TRUE";"TRUE";"TRUE"
"275";"15629";"AB";"307140|325178";"22440";"1";"27670";"TRUE";"TRUE";"TRUE"
"276";"15630";"AB";"307140|325178";"1442";"1";"11934";"TRUE";"TRUE";"TRUE"
"277";"15631";"AB";"307140|325178|360279";"1320";"1";"11934";"TRUE";"TRUE";"TRUE"
"278";"15632";"AB";"307140|325178|360279";"1320";"1";"11934";"TRUE";"TRUE";"TRUE"
"279";"15633";"AB";"307140|325178|360279";"1320";"1";"11934";"TRUE";"TRUE";"TRUE"
"280";"15634";"AB";"307140|325178|360279";"1139";"1";"7355";"TRUE";"TRUE";"TRUE"
"281";"15635";"AB";"307140|325178|360279";"1139";"1";"7355";"TRUE";"TRUE";"TRUE"
"282";"15638";"AB";"307140|325178|360279";"240";"1";"7355";"TRUE";"TRUE";"TRUE"
"283";"15639";"AB";"307140|325178";"240";"1";"7355";"TRUE";"TRUE";"TRUE"
"284";"15640";"AB";"307140|325178";"240";"1";"7355";"TRUE";"TRUE";"TRUE"
"285";"15642";"AB";"307140|325178|360279";"201";"1";"713";"TRUE";"TRUE";"TRUE"
"286";"15643";"AB";"307140|325178|360279";"201";"1";"713";"TRUE";"TRUE";"TRUE"
"287";"15644";"AB";"307140|325178|360279";"201";"1";"713";"TRUE";"TRUE";"TRUE"
"288";"15645";"AB";"307140|325178|360279";"201";"1";"713";"TRUE";"TRUE";"TRUE"
"289";"15646";"AB";"307140|325178|360279";"201";"1";"713";"TRUE";"TRUE";"TRUE"
"290";"15650";"AB";"307140|325178";"240";"1";"7355";"TRUE";"TRUE";"TRUE"
"291";"15652";"AB";"307140|325178";"240";"1";"7355";"TRUE";"TRUE";"TRUE"
"292";"15653";"AB";"307140|325178";"240";"1";"7355";"TRUE";"FALSE";"FALSE"
"293";"15654";"AB";"307140|325178";"240";"1";"7355";"TRUE";"FALSE";"FALSE"
"294";"15655";"AB";"307140|325178";"240";"1";"7355";"TRUE";"FALSE";"FALSE"
"295";"15656";"AB";"307140|325178";"201";"1";"713";"TRUE";"TRUE";"TRUE"
"296";"15657";"AB";"307140|325178";"201";"1";"713";"TRUE";"TRUE";"TRUE"
"297";"15658";"AB";"307140|325178";"201";"1";"713";"TRUE";"TRUE";"TRUE"
"298";"15659";"AB";"307140|325178";"201";"1";"713";"TRUE";"TRUE";"TRUE"
"299";"15660";"AB";"307140|325178";"201";"1";"713";"TRUE";"TRUE";"TRUE"
"300";"15661";"AB";"307140|325178";"201";"1";"713";"TRUE";"FALSE";"FALSE"
"301";"15662";"AB";"307140|325178";"201";"1";"713";"TRUE";"FALSE";"FALSE"
"302";"15663";"AB";"307140|325178|360279";"201";"1";"713";"TRUE";"TRUE";"TRUE"
"303";"15664";"AB";"307140|325178|360279";"201";"1";"713";"TRUE";"TRUE";"TRUE"
"304";"15665";"AB";"307140|325178|360279";"201";"1";"713";"TRUE";"TRUE";"TRUE"
"305";"15666";"AB";"307140|325178";"201";"1";"713";"TRUE";"TRUE";"TRUE"
"306";"15667";"AB";"307140|325178";"201";"1";"713";"TRUE";"FALSE";"FALSE"
"307";"15668";"AB";"307140|325178";"201";"1";"713";"TRUE";"FALSE";"FALSE"
"308";"15672";"AB";"307140|325178";"201";"1";"713";"TRUE";"FALSE";"FALSE"
"309";"15673";"AB";"307140|325178";"201";"1";"713";"TRUE";"FALSE";"FALSE"
"310";"15674";"AB";"307140|325178";"201";"1";"713";"TRUE";"FALSE";"FALSE"
"311";"15683";"AB";"325178|360279";"7494";"2";"16546";"TRUE";"TRUE";"TRUE"
"312";"15684";"AB";"325178|360279";"13646";"2";"34062";"TRUE";"TRUE";"TRUE"
"313";"15685";"AB";"325178|360279";"13646";"2";"34062";"TRUE";"TRUE";"TRUE"
"314";"15686";"AB";"325178|360279";"7494";"2";"16546";"TRUE";"TRUE";"TRUE"
"315";"15687";"AB";"325178|360279";"1883";"2";"4242";"TRUE";"TRUE";"TRUE"
"316";"15691";"AB";"325178|360279";"5790";"2";"5866";"TRUE";"TRUE";"TRUE"
"317";"15692";"AB";"325178";"5790";"2";"5866";"TRUE";"TRUE";"TRUE"
"318";"15693";"AB";"325178|360279";"1883";"2";"4242";"TRUE";"TRUE";"TRUE"
"319";"15694";"AB";"325178|360279";"1883";"2";"4242";"TRUE";"TRUE";"TRUE"
"320";"15695";"AB";"325178|360279";"487";"2";"2513";"TRUE";"TRUE";"TRUE"
"321";"15696";"AB";"325178|360279";"487";"2";"2513";"TRUE";"TRUE";"TRUE"
"322";"15701";"AB";"325178";"5790";"2";"9515";"TRUE";"TRUE";"TRUE"
"323";"15702";"AB";"325178";"5790";"2";"9515";"TRUE";"TRUE";"TRUE"
"324";"15703";"AB";"325178";"5790";"2";"5866";"TRUE";"TRUE";"TRUE"
"325";"15704";"AB";"325178";"5790";"2";"5866";"TRUE";"TRUE";"TRUE"
"326";"15705";"AB";"325178|360279";"1883";"2";"4242";"TRUE";"TRUE";"TRUE"
"327";"15715";"AB";"325178|360279";"69582";"2";"123633";"TRUE";"TRUE";"TRUE"
"328";"15716";"AB";"325178|360279";"67247";"2";"123633";"TRUE";"TRUE";"TRUE"
"329";"15717";"AB";"325178";"67247";"2";"123633";"TRUE";"TRUE";"TRUE"
"330";"15718";"AB";"325178|360279";"12918";"2";"34062";"TRUE";"TRUE";"TRUE"
"331";"15719";"AB";"325178|360279";"12918";"2";"34062";"TRUE";"TRUE";"TRUE"
"332";"15720";"AB";"325178|360279";"7972";"2";"34062";"TRUE";"TRUE";"TRUE"
"333";"15721";"AB";"325178|360279";"5790";"2";"5866";"TRUE";"TRUE";"TRUE"
"334";"15722";"AB";"325178|360279";"1883";"2";"4297";"TRUE";"TRUE";"TRUE"
"335";"15723";"AB";"325178|360279";"1015";"2";"3670";"TRUE";"TRUE";"TRUE"
"336";"15724";"AB";"325178|360279";"1015";"2";"3670";"TRUE";"TRUE";"TRUE"
"337";"15725";"AB";"325178|360279";"487";"2";"2513";"TRUE";"TRUE";"TRUE"
"338";"15726";"AB";"325178|360279";"487";"2";"2513";"TRUE";"TRUE";"TRUE"
"339";"15727";"AB";"325178|360279";"42";"2";"2513";"TRUE";"TRUE";"TRUE"
"340";"15728";"AB";"325178|360279";"42";"2";"2513";"TRUE";"TRUE";"TRUE"
"341";"15729";"AB";"325178|360279";"122512";"2";"123633";"TRUE";"TRUE";"TRUE"
"342";"15730";"AB";"325178|360279";"69582";"2";"123633";"TRUE";"TRUE";"TRUE"
"343";"15746";"AB";"325178";"5790";"2";"9515";"TRUE";"TRUE";"TRUE"
"344";"15747";"AB";"325178";"5790";"2";"9515";"TRUE";"FALSE";"FALSE"
"345";"15748";"AB";"325178|360279";"5790";"2";"5866";"TRUE";"TRUE";"TRUE"
"346";"15749";"AB";"325178|360279";"5790";"2";"5866";"TRUE";"TRUE";"TRUE"
"347";"15750";"AB";"325178";"5790";"2";"5866";"TRUE";"TRUE";"TRUE"
"348";"15751";"AB";"325178";"5790";"2";"5866";"TRUE";"TRUE";"TRUE"
"349";"15752";"AB";"325178|360279";"1883";"2";"4297";"TRUE";"TRUE";"TRUE"
"350";"15753";"AB";"325178|360279";"1883";"2";"4297";"TRUE";"TRUE";"TRUE"
"351";"15754";"AB";"325178";"1883";"2";"4297";"TRUE";"TRUE";"TRUE"
"352";"15755";"AB";"325178";"1883";"2";"4297";"TRUE";"TRUE";"TRUE"
"353";"15756";"AB";"325178";"1883";"2";"4297";"TRUE";"TRUE";"TRUE"
"354";"15758";"AB";"325178|360279";"1883";"2";"4242";"TRUE";"TRUE";"TRUE"
"355";"15759";"AB";"325178|360279";"1883";"2";"4242";"TRUE";"TRUE";"TRUE"
"356";"15762";"AB";"325178";"1883";"2";"4242";"TRUE";"TRUE";"TRUE"
"357";"15763";"AB";"325178";"1883";"2";"4242";"TRUE";"FALSE";"FALSE"
"358";"15764";"AB";"325178|360279";"1015";"2";"3670";"TRUE";"TRUE";"TRUE"
"359";"15765";"AB";"325178";"1015";"2";"3670";"TRUE";"TRUE";"TRUE"
"360";"15766";"AB";"325178";"1015";"2";"3670";"TRUE";"TRUE";"TRUE"
"361";"15767";"AB";"325178";"1015";"2";"3670";"TRUE";"TRUE";"TRUE"
"362";"15768";"AB";"325178|360279";"487";"2";"2513";"TRUE";"TRUE";"TRUE"
"363";"15769";"AB";"325178|360279";"487";"2";"2513";"TRUE";"TRUE";"TRUE"
"364";"15770";"AB";"325178|360279";"487";"2";"2513";"TRUE";"TRUE";"TRUE"
"365";"15771";"AB";"325178|360279";"42";"2";"2513";"TRUE";"TRUE";"TRUE"
"366";"15772";"AB";"325178|360279";"42";"2";"2513";"TRUE";"TRUE";"TRUE"
"367";"15773";"AB";"325178|360279";"42";"2";"2513";"TRUE";"TRUE";"TRUE"
"368";"15784";"AB";"325178";"5790";"2";"5866";"TRUE";"TRUE";"TRUE"
"369";"15785";"AB";"325178";"5790";"2";"5866";"TRUE";"TRUE";"TRUE"
"370";"15786";"AB";"325178";"1883";"2";"4297";"TRUE";"TRUE";"TRUE"
"371";"15787";"AB";"325178";"1883";"2";"4297";"TRUE";"TRUE";"TRUE"
"372";"15788";"AB";"325178";"1015";"2";"3670";"TRUE";"TRUE";"TRUE"
"373";"15789";"AB";"325178|360279";"487";"2";"2513";"TRUE";"TRUE";"TRUE"
"374";"15994";"AB";"360279";"3106";"3";"6356";"TRUE";"TRUE";"TRUE"
"375";"15998";"AB";"360279";"3106";"3";"95841";"TRUE";"TRUE";"TRUE"
"376";"15999";"AB";"360279";"3106";"3";"95841";"TRUE";"TRUE";"TRUE"
"377";"16000";"AB";"360279";"3106";"3";"6356";"TRUE";"TRUE";"TRUE"
"378";"16001";"AB";"360279";"0";"3";"6356";"TRUE";"TRUE";"TRUE"
"379";"1711";"AB";"586805|587198|587571|588411|3085|4614|11389|12053|12547|15700|41745|155830|322065|307140|325178|360279";"1545";"1";"4405";"TRUE";"TRUE";"TRUE"
"380";"1712";"AB";"586805|587198|587571|588411|3085|4614|11389|12053|12547|15700|41745|155830|322065|307140|325178|360279";"1545";"1";"4405";"TRUE";"TRUE";"TRUE"
"381";"1713";"AB";"587198|587571|588411|3085|4614|11389|12053|12547|15700|41745|155830|322065|307140|325178|360279";"1545";"1";"4405";"TRUE";"TRUE";"TRUE"
"382";"1714";"AB";"587198|587571|588411|3085|4614|11389|12053|41745|155830|322065|307140|325178|360279";"1545";"1";"4405";"TRUE";"TRUE";"TRUE"
"383";"1715";"AB";"587198|587571|588411|3085|4614|11389|12053|41745|155830|322065|307140|325178|360279";"1545";"1";"4405";"TRUE";"TRUE";"TRUE"
"384";"1716";"AB";"587198|588411|3085|4614|11389|12053|41745|155830|322065|307140|325178|360279";"1545";"1";"4405";"TRUE";"TRUE";"TRUE"
"385";"1718";"AB";"587198|587571|588411|3085|4007|4614|11389|12053|12547|15700|41745|155830|322065|307140|325178|360279";"0";"0";"0";"TRUE";"TRUE";"TRUE"
"386";"1719";"AB";"587198|587571|588411|3085|4007|4614|11389|12053|12547|15700|41745|155830|322065|307140|325178|360279";"0";"0";"0";"TRUE";"TRUE";"TRUE"
"387";"1720";"AB";"587198|587571|588411|3085|4007|4614|11389|12053|12547|15700|41745|155830|322065|307140|325178|360279";"85";"2";"2865";"TRUE";"TRUE";"TRUE"
"388";"1721";"AB";"587198|587571|588411|3085|4007|4614|11389|12053|12547|15700|41745|155830|322065|307140|325178|360279";"85";"2";"2865";"TRUE";"TRUE";"TRUE"
"389";"1722";"AB";"587571|588411|3085|4007|4614|11389|12053|12547|15700|41745|155830|322065|307140|325178|360279";"85";"2";"2865";"TRUE";"TRUE";"TRUE"
"390";"1723";"AB";"587571|588411|3085|4614|11389|12053|12547|15700|41745|155830|322065|307140|325178|360279";"85";"2";"2865";"TRUE";"TRUE";"TRUE"
"391";"1724";"AB";"587571|588411|3085|4614|11389|12053|41745|155830|322065|307140|325178|360279";"85";"2";"2865";"TRUE";"TRUE";"TRUE"
"392";"1725";"AB";"587571|588411|3085|4614|11389|12053|41745|155830|322065|307140|325178|360279";"85";"2";"2865";"TRUE";"TRUE";"TRUE"
"393";"1726";"AB";"3085|4614|11389|12053|41745|155830|322065|307140|325178|360279";"85";"2";"2865";"TRUE";"TRUE";"TRUE"
"394";"1727";"AB";"587204|3085|4007|4614|12053|12547|41745|155830|317799";"8";"1";"14";"TRUE";"TRUE";"TRUE"
"395";"1729";"AB";"587204|3085|4007|4614|12053|12547|41745|155830|317799";"0";"1";"14";"TRUE";"TRUE";"TRUE"
"396";"1730";"AB";"587204|3085|4007|4614|12053|12547|41745|155830|317799";"8";"1";"13323";"TRUE";"TRUE";"TRUE"
"397";"1731";"AB";"587204|3085|4614|12053|12547|41745|155830|317799";"8";"1";"13323";"TRUE";"TRUE";"TRUE"
"398";"1732";"AB";"587204|3085|4007|4614|12053|41745|155830|317799";"8";"1";"14";"TRUE";"TRUE";"TRUE"
"399";"1733";"AB";"587204|3085|4007|4614|12053|12547|41745|155830|317799";"0";"1";"14";"TRUE";"TRUE";"TRUE"
"400";"1734";"AB";"587204|3085|4614|12053|12547|41745|155830|317799";"0";"1";"14";"TRUE";"TRUE";"TRUE"
"401";"1735";"AB";"587204|4614|12053|12547|41745|155830|317799";"8";"1";"13323";"TRUE";"TRUE";"TRUE"
"402";"1736";"AB";"587204|4614|12053|12547|41745|155830|317799";"8";"1";"13323";"TRUE";"TRUE";"TRUE"
"403";"1738";"AB";"587204|3085|4614|12053|41745|155830|317799";"8";"1";"14";"TRUE";"TRUE";"TRUE"
"404";"1739";"AB";"587204|3085|4614|12053|41745|155830|317799";"8";"1";"14";"TRUE";"TRUE";"TRUE"
"405";"1740";"AB";"3085|4614|12053|12547|41745|155830|317799";"0";"1";"14";"TRUE";"TRUE";"TRUE"
"406";"1741";"AB";"3085|4614|12053|12547|41745|155830|317799";"0";"1";"14";"TRUE";"TRUE";"TRUE"
"407";"1742";"AB";"3085|4614|12053|41745|155830|317799";"8";"1";"14";"TRUE";"TRUE";"TRUE"
"408";"1745";"AB";"4614|12053|317799";"8";"1";"13323";"TRUE";"TRUE";"TRUE"
"409";"1746";"AB";"587571|588411|3085|4614|11389|12053|12547|15700|41745|155830|322065|307140|325178|360279";"223157";"1";"210837";"TRUE";"TRUE";"TRUE"
"410";"1747";"AB";"587571|588411|3085|4614|11389|12053|12547|15700|41745|155830|322065|307140|325178|360279";"223157";"1";"210837";"TRUE";"TRUE";"TRUE"
"411";"1748";"AB";"587571|588411|3085|4007|4614|11389|12053|12547|15700|41745|155830|322065|307140|325178|360279";"6768";"1";"9817";"TRUE";"TRUE";"TRUE"
"412";"1749";"AB";"587571|588411|3085|4614|11389|12053|12547|15700|41745|155830|322065|307140|325178|360279";"223157";"1";"210837";"TRUE";"TRUE";"TRUE"
"413";"1750";"AB";"587571|588411|3085|4614|11389|12053|12547|15700|41745|155830|322065|307140|325178|360279";"223157";"1";"210837";"TRUE";"TRUE";"TRUE"
"414";"1751";"AB";"587571|588411|3085|4007|11389|12053|12547|15700|41745|155830|322065|307140|325178|360279";"6768";"1";"96422";"TRUE";"TRUE";"TRUE"
"415";"1752";"AB";"587571|588411|3085|4007|4614|11389|12053|12547|15700|41745|155830|322065|307140|325178|360279";"6768";"1";"6860";"TRUE";"TRUE";"TRUE"
"416";"1753";"AB";"587571|588411|3085|4007|4614|11389|12053|12547|15700|41745|155830|322065|307140|325178|360279";"6768";"1";"6860";"TRUE";"TRUE";"TRUE"
"417";"1758";"AB";"587571|588411|3085|4614|11389|12053|12547|15700|41745|155830|322065|307140|325178|360279";"223157";"1";"210837";"TRUE";"TRUE";"TRUE"
"418";"1759";"AB";"587571|588411|3085|4614|11389|12053|12547|41745|155830|322065|307140|325178|360279";"223157";"1";"210837";"TRUE";"TRUE";"TRUE"
"419";"1760";"AB";"587571|588411|3085|4007|11389|12053|12547|15700|41745|155830|322065|307140|325178|360279";"6768";"1";"96422";"TRUE";"TRUE";"TRUE"
"420";"1761";"AB";"587571|588411|3085|11389|12053|12547|15700|41745|155830|322065|307140|325178|360279";"6768";"1";"96422";"TRUE";"TRUE";"TRUE"
"421";"1762";"AB";"587571|588411|3085|11389|12053|12547|15700|41745|155830|322065|307140|325178";"6768";"1";"96422";"TRUE";"TRUE";"TRUE"
"422";"1763";"AB";"588411|3085|4614|11389|12053|12547|41745|155830|322065|307140|325178|360279";"223157";"1";"210837";"TRUE";"TRUE";"TRUE"
"423";"1764";"AB";"588411|3085|4614|11389|12053|12547|41745|155830|322065|307140|325178|360279";"223157";"1";"210837";"TRUE";"TRUE";"TRUE"
"424";"1765";"AB";"588411|3085|11389|12053|12547|41745|155830|322065|307140|325178";"6768";"1";"96422";"TRUE";"TRUE";"TRUE"
"425";"1766";"AB";"588411|3085|4007|4614|11389|12053|12547|15700|41745|155830|322065|307140|325178|360279";"6768";"1";"6860";"TRUE";"TRUE";"TRUE"
"426";"1767";"AB";"588411|3085|4614|11389|12053|12547|15700|41745|155830|322065|307140|325178|360279";"6768";"1";"6860";"TRUE";"TRUE";"TRUE"
"427";"1774";"AB";"588411|3085|4007|4614|11389|12053|12547|15700|41745|155830|322065|307140|325178|360279";"0";"1";"14";"TRUE";"TRUE";"TRUE"
"428";"1775";"AB";"588411|3085|4007|4614|11389|12053|12547|15700|41745|155830|322065|307140|325178|360279";"12";"1";"875";"TRUE";"TRUE";"TRUE"
"429";"1776";"AB";"588411|3085|4007|4614|11389|12053|12547|15700|41745|155830|322065|307140|325178|360279";"0";"1";"20";"TRUE";"TRUE";"TRUE"
"430";"1777";"AB";"588411|3085|4007|4614|11389|12053|12547|15700|41745|155830|322065|307140|325178|360279";"12";"1";"875";"TRUE";"TRUE";"TRUE"
"431";"1778";"AB";"588411|3085|4007|4614|11389|12053|12547|15700|41745|155830|322065|307140|325178|360279";"12";"1";"875";"TRUE";"TRUE";"TRUE"
"432";"1779";"AB";"588411|3085|4614|11389|12053|12547|15700|41745|155830|322065|307140|325178|360279";"12";"1";"875";"TRUE";"TRUE";"TRUE"
"433";"1780";"AB";"588411|3085|4614|11389|12053|41745|155830|322065|307140|325178|360279";"12";"1";"875";"TRUE";"TRUE";"TRUE"
"434";"1781";"AB";"3085|4007|4614|11389|12053|12547|15700|41745|155830|322065|307140|325178|360279";"0";"1";"20";"TRUE";"TRUE";"TRUE"
"435";"1782";"AB";"3085|4007|4614|11389|12053|12547|15700|41745|155830|322065|307140|325178|360279";"0";"1";"20";"TRUE";"TRUE";"TRUE"
"436";"1783";"AB";"3085|4614|11389|12053|12547|15700|41745|155830|322065|307140|325178|360279";"0";"1";"20";"TRUE";"TRUE";"TRUE"
"437";"1784";"AB";"3085|4614|11389|12053|41745|155830|322065|307140|325178|360279";"12";"1";"875";"TRUE";"TRUE";"TRUE"
"438";"1785";"AB";"3085|4614|11389|12053|41745|155830|322065|307140|325178|360279";"0";"1";"20";"TRUE";"TRUE";"TRUE"
"439";"3235";"AB";"4007|41745|325178";"1225";"1";"7547";"TRUE";"TRUE";"TRUE"
"440";"3237";"AB";"3085|4007|11389|12053|12547|15700|41745|155830|322065|307140|325178|360279";"1093";"1";"7547";"TRUE";"TRUE";"TRUE"
"441";"3238";"AB";"3085|4007|11389|12053|12547|15700|41745|155830|322065|307140|325178|360279";"1093";"1";"7547";"TRUE";"TRUE";"TRUE"
"442";"3240";"AB";"3085|12547|15700";"1093";"1";"7547";"TRUE";"TRUE";"TRUE"
"443";"3241";"AB";"3085|11389|12053|12547|15700|41745|322065|307140|325178|360279";"189";"1";"396";"TRUE";"TRUE";"TRUE"
"444";"3246";"AB";"3085|4007|12053|12547|41745|307140|360279";"1093";"1";"7547";"TRUE";"TRUE";"TRUE"
"445";"3247";"AB";"3085|4007|4614|11389|12053|12547|15700|41745|155830|322065|307140|325178|360279";"1093";"1";"7547";"TRUE";"TRUE";"TRUE"
"446";"3248";"AB";"3085|4007|4614|11389|12053|12547|15700|41745|155830|322065|307140|325178|360279";"1093";"1";"7547";"TRUE";"TRUE";"TRUE"
"447";"3249";"AB";"3085|4007|11389|12053|12547|15700|41745|155830|322065|307140|325178|360279";"189";"1";"214";"TRUE";"TRUE";"TRUE"
"448";"3250";"AB";"3085|4007|4614|11389|12053|12547|15700|41745|155830|322065|307140|325178|360279";"33";"1";"35";"TRUE";"TRUE";"TRUE"
"449";"3251";"AB";"3085|4007|4614|11389|12053|12547|15700|41745|155830|322065|307140|325178|360279";"33";"1";"35";"TRUE";"TRUE";"TRUE"
"450";"3252";"AB";"3085|12053|12547|41745|307140";"1093";"1";"7547";"TRUE";"TRUE";"TRUE"
"451";"3253";"AB";"3085|12053|41745|307140";"1093";"1";"7547";"TRUE";"TRUE";"TRUE"
"452";"3254";"AB";"3085|4007|4614|155830|317799";"189";"1";"396";"TRUE";"TRUE";"TRUE"
"453";"3258";"AB";"3085|4007|11389|12053|12547|15700|41745|155830|322065|307140|325178|360279";"189";"1";"214";"TRUE";"TRUE";"TRUE"
"454";"3259";"AB";"3085|12053|41745|155830|307140|325178|360279";"1225";"2";"7547";"TRUE";"TRUE";"TRUE"
"455";"3260";"AB";"3085|307140|325178";"1225";"2";"7547";"TRUE";"TRUE";"TRUE"
"456";"3261";"AB";"3085|4007|12053|41745|155830|307140|325178";"1093";"1";"7547";"TRUE";"TRUE";"TRUE"
"457";"3264";"AB";"3085|4007|11389|12053|12547|15700|41745|155830|322065|307140|325178|360279";"1093";"1";"7547";"TRUE";"TRUE";"TRUE"
"458";"3265";"AB";"3085|11389|12053|15700|41745|155830|322065|307140|325178|360279";"1093";"1";"7547";"TRUE";"TRUE";"TRUE"
"459";"3266";"AB";"3085|11389|12053|15700|41745|155830|322065|307140|325178|360279";"1093";"1";"7547";"TRUE";"TRUE";"TRUE"
"460";"3267";"AB";"3085|11389|12053|15700|41745|155830|322065|307140|325178|360279";"1093";"1";"7547";"TRUE";"TRUE";"TRUE"
"461";"3268";"AB";"3085|11389|12053|12547|15700|41745|155830|322065|307140|325178|360279";"189";"1";"214";"TRUE";"TRUE";"TRUE"
"462";"3271";"AB";"4007|155830|325178";"189";"1";"396";"TRUE";"TRUE";"TRUE"
"463";"3278";"AB";"155830|325178";"189";"1";"396";"TRUE";"TRUE";"TRUE"
"464";"3279";"AB";"155830|325178";"189";"1";"396";"TRUE";"TRUE";"TRUE"
"465";"3294";"AB";"3085|12547|307140";"1225";"1";"7547";"TRUE";"TRUE";"TRUE"
"466";"3295";"AB";"3085|12547|307140";"1225";"1";"7547";"TRUE";"TRUE";"TRUE"
"467";"3296";"AB";"3085|4007|4614|11389|12053|12547|15700|41745|155830|322065|307140|325178|360279";"1225";"1";"7547";"TRUE";"TRUE";"TRUE"
"468";"3297";"AB";"3085|4007|4614|11389|12053|12547|15700|41745|155830|322065|307140|325178|360279";"1225";"1";"7547";"TRUE";"TRUE";"TRUE"
"469";"3298";"AB";"3085|4007|11389|12053|12547|15700|41745|155830|322065|307140|325178";"1093";"1";"7547";"TRUE";"TRUE";"TRUE"
"470";"3299";"AB";"3085|4007|4614|11389|12053|12547|15700|41745|155830|322065|307140|325178|360279";"189";"1";"7547";"TRUE";"TRUE";"TRUE"
"471";"3300";"AB";"3085|4007|4614|11389|12053|12547|15700|41745|155830|322065|307140|325178|360279";"189";"1";"7547";"TRUE";"TRUE";"TRUE"
"472";"3301";"AB";"3085|4007|11389|12053|12547|15700|41745|155830|322065|307140|325178|360279";"189";"1";"214";"TRUE";"TRUE";"TRUE"
"473";"3302";"AB";"3085|4007|11389|12053|12547|15700|41745|155830|322065|307140|325178|360279";"189";"1";"214";"TRUE";"TRUE";"TRUE"
"474";"3303";"AB";"3085|4007|4614|11389|12053|12547|15700|41745|155830|322065|307140|325178|360279";"33";"1";"35";"TRUE";"TRUE";"TRUE"
"475";"3304";"AB";"3085|4007|4614|11389|12053|12547|15700|41745|155830|322065|307140|325178|360279";"33";"1";"35";"TRUE";"TRUE";"TRUE"
"476";"3305";"AB";"3085|12053|155830|325178|360279";"1460";"2";"7547";"TRUE";"TRUE";"TRUE"
"477";"3310";"AB";"3085|4007|11389|12053|12547|15700|41745|155830|322065|307140|325178|360279";"1225";"1";"7547";"TRUE";"TRUE";"TRUE"
"478";"3311";"AB";"3085|11389|15700|307140|325178";"1225";"1";"7547";"TRUE";"TRUE";"TRUE"
"479";"3312";"AB";"3085|4007|11389|12053|12547|15700|41745|155830|307140|325178";"1093";"1";"7547";"TRUE";"TRUE";"TRUE"
"480";"3314";"AB";"3085|4007|4614|11389|12053|12547|15700|41745|155830|322065|307140|325178|360279";"189";"1";"7547";"TRUE";"TRUE";"TRUE"
"481";"3315";"AB";"3085|4614|11389|12053|12547|15700|41745|155830|322065|307140|325178|360279";"189";"1";"7547";"TRUE";"TRUE";"TRUE"
"482";"3316";"AB";"3085|4614|11389|12053|41745|155830|322065|307140|325178|360279";"189";"1";"7547";"TRUE";"TRUE";"TRUE"
"483";"3317";"AB";"3085|11389|12053|41745|155830|322065|307140|325178|360279";"189";"1";"7547";"TRUE";"TRUE";"TRUE"
"484";"3318";"AB";"3085|4007|4614|12053|12547|41745|155830|317799";"189";"1";"396";"TRUE";"TRUE";"TRUE"
"485";"3319";"AB";"3085|4007|11389|12053|12547|15700|41745|155830|322065|307140|325178|360279";"189";"1";"214";"TRUE";"TRUE";"TRUE"
"486";"3320";"AB";"3085|11389|12053|12547|15700|41745|155830|322065|307140|325178|360279";"189";"1";"214";"TRUE";"TRUE";"TRUE"
"487";"3321";"AB";"3085|11389|12053|41745|155830|322065|307140|325178|360279";"189";"1";"214";"TRUE";"TRUE";"TRUE"
"488";"3322";"AB";"3085|11389|12053|41745|155830|322065|307140|325178|360279";"189";"1";"214";"TRUE";"TRUE";"TRUE"
"489";"3323";"AB";"3085|4007|4614|11389|12053|12547|15700|41745|155830|322065|307140|325178|360279";"33";"1";"35";"TRUE";"TRUE";"TRUE"
"490";"3324";"AB";"3085|4614|11389|12053|12547|15700|41745|155830|322065|307140|325178|360279";"33";"1";"35";"TRUE";"TRUE";"TRUE"
"491";"3325";"AB";"3085|4614|11389|12053|41745|155830|322065|307140|325178|360279";"33";"1";"35";"TRUE";"TRUE";"TRUE"
"492";"3326";"AB";"3085|4614|11389|12053|41745|155830|322065|307140|325178|360279";"33";"1";"35";"TRUE";"TRUE";"TRUE"
"493";"3327";"AB";"3085|4007|11389|12547|15700|155830|322065|307140|325178|360279";"228540";"2";"292594";"TRUE";"TRUE";"TRUE"
"494";"3328";"AB";"3085|11389|12053|12547|15700|41745|325178|360279";"1093";"1";"7547";"TRUE";"TRUE";"TRUE"
"495";"3329";"AB";"3085|11389|12053|41745|155830|307140|325178";"189";"1";"7547";"TRUE";"TRUE";"TRUE"
"496";"3330";"AB";"4007|12053|41745|155830|307140|325178";"1093";"1";"7547";"TRUE";"TRUE";"TRUE"
"497";"3332";"AB";"12053|15700|41745|360279";"1093";"1";"7547";"TRUE";"TRUE";"TRUE"
"498";"3333";"AB";"4007|12547|307140";"1093";"1";"7547";"TRUE";"TRUE";"TRUE"
"499";"3336";"AB";"12053|41745|155830|307140|325178";"1093";"1";"7547";"TRUE";"TRUE";"TRUE"
"500";"3337";"AB";"307140|325178";"1093";"1";"7547";"TRUE";"TRUE";"TRUE"
"501";"3338";"AB";"307140|325178";"1093";"1";"7547";"TRUE";"TRUE";"TRUE"
"502";"3339";"AB";"12053|41745|360279";"189";"1";"214";"TRUE";"TRUE";"TRUE"
"503";"3340";"AB";"12053|41745|360279";"189";"1";"214";"TRUE";"TRUE";"TRUE"
"504";"3341";"AB";"11389|12053|12547|15700|155830|307140|325178";"1093";"1";"7547";"TRUE";"TRUE";"TRUE"
"505";"3344";"AB";"4614|155830|317799";"189";"1";"396";"TRUE";"TRUE";"TRUE"
"506";"3345";"AB";"4614|155830";"189";"1";"396";"TRUE";"TRUE";"TRUE"
"507";"3348";"AB";"12053|41745|360279";"189";"1";"214";"TRUE";"TRUE";"TRUE"
"508";"3349";"AB";"12053|41745|360279";"189";"1";"214";"TRUE";"TRUE";"TRUE"
"509";"3350";"AB";"11389|12053|41745|155830|322065|307140|325178|360279";"189";"1";"214";"TRUE";"TRUE";"TRUE"
"510";"3356";"AB";"307140|325178";"1093";"1";"7547";"TRUE";"TRUE";"TRUE"
"511";"3369";"AB";"11389|12053|41745|155830|307140|325178";"189";"1";"7547";"TRUE";"TRUE";"TRUE"
"512";"3370";"AB";"11389|12053|41745|155830|307140|325178";"189";"1";"7547";"TRUE";"TRUE";"TRUE"
"513";"3371";"AB";"155830|307140";"189";"1";"7547";"TRUE";"TRUE";"TRUE"
"514";"3372";"AB";"155830|307140";"189";"1";"7547";"TRUE";"TRUE";"TRUE"
"515";"3399";"AB";"12053|41745";"189";"1";"214";"TRUE";"TRUE";"TRUE"
"516";"4140";"AB";"4007|12053|41745|155830|307140|325178";"7369";"2";"30206";"TRUE";"TRUE";"TRUE"
"517";"4148";"AB";"4007|15700|41745|325178";"13199";"2";"157853";"TRUE";"TRUE";"TRUE"
"518";"4149";"AB";"4007|12053|41745|155830|307140|325178";"7369";"2";"87183";"TRUE";"TRUE";"TRUE"
"519";"4151";"AB";"4614|11389|12053|12547|15700|41745|155830|322065|307140|325178|360279";"7369";"1";"30206";"TRUE";"TRUE";"TRUE"
"520";"4152";"AB";"4614|11389|12053|12547|15700|41745|155830|322065|307140|325178|360279";"7369";"1";"30206";"TRUE";"TRUE";"TRUE"
"521";"4153";"AB";"11389|12053|12547|15700|41745|155830|322065|307140|325178|360279";"467";"1";"14479";"TRUE";"TRUE";"TRUE"
"522";"4159";"AB";"12053|12547|15700|41745|155830|322065|307140|325178|360279";"7369";"2";"87183";"TRUE";"TRUE";"TRUE"
"523";"4161";"AB";"4614|11389|12053|12547|15700|41745|155830|322065|307140|325178|360279";"7369";"1";"30206";"TRUE";"TRUE";"TRUE"
"524";"4162";"AB";"11389|12053|12547|15700|41745|155830|322065|307140|325178|360279";"467";"1";"14479";"TRUE";"TRUE";"TRUE"
"525";"4163";"AB";"4614|12053|12547|41745|155830|317799";"0";"0";"0";"TRUE";"TRUE";"TRUE"
"526";"4173";"AB";"12547|15700|155830|307140|325178";"7369";"2";"30206";"TRUE";"TRUE";"TRUE"
"527";"4174";"AB";"12547|15700|155830";"7369";"2";"30206";"TRUE";"TRUE";"TRUE"
"528";"4184";"AB";"15700|155830";"7369";"2";"30206";"TRUE";"TRUE";"TRUE"
"529";"49";"AB";"585077|587204|3085|4007|4614|41745|155830|317799";"213878";"3";"220220";"TRUE";"TRUE";"TRUE"
"530";"51";"AB";"585077|587204|3085|4007|4614|41745|155830|317799";"213878";"3";"220220";"TRUE";"TRUE";"TRUE"
"531";"5152";"AB";"4614|11389|12053|12547|15700|41745|155830|322065|307140|325178|360279";"996";"1";"1032";"TRUE";"TRUE";"TRUE"
"532";"5153";"AB";"4614|11389|12053|12547|15700|41745|155830|322065|307140|325178|360279";"996";"1";"1032";"TRUE";"TRUE";"TRUE"
"533";"5154";"AB";"4614|12053|12547|41745|155830|317799";"10";"1";"884";"TRUE";"TRUE";"TRUE"
"534";"5158";"AB";"4614|11389|12053|12547|15700|41745|155830|322065|307140|325178|360279";"996";"1";"1032";"TRUE";"TRUE";"TRUE"
"535";"5159";"AB";"4614|11389|12053|12547|15700|41745|155830|322065|307140|325178|360279";"996";"1";"1032";"TRUE";"TRUE";"TRUE"
"536";"5160";"AB";"4614|12053|12547|41745|155830|317799";"10";"1";"884";"TRUE";"TRUE";"TRUE"
"537";"5161";"AB";"4614|11389|12053|15700|41745|155830|322065|307140|325178|360279";"996";"1";"1032";"TRUE";"TRUE";"TRUE"
"538";"5162";"AB";"4614|11389|12053|41745|155830|322065|307140|325178|360279";"996";"1";"1032";"TRUE";"TRUE";"TRUE"
"539";"5163";"AB";"4614|11389|12053|41745|155830|322065|307140|325178|360279";"996";"1";"1032";"TRUE";"TRUE";"TRUE"
"540";"5164";"AB";"4614|11389|12053|41745|155830|322065|307140|325178|360279";"996";"1";"1032";"TRUE";"TRUE";"TRUE"
"541";"5166";"AB";"4614|12053|12547|41745|155830|317799";"10";"1";"884";"TRUE";"TRUE";"TRUE"
"542";"5167";"AB";"4614|12053|12547|41745|155830|317799";"10";"1";"884";"TRUE";"TRUE";"TRUE"
"543";"5169";"AB";"4614|11389|12053|12547|15700|41745|155830|322065|307140|325178|360279";"996";"2";"21819";"TRUE";"TRUE";"TRUE"
"544";"5170";"AB";"4614|11389|12053|12547|15700|41745|155830|322065|307140|325178|360279";"996";"2";"21819";"TRUE";"TRUE";"TRUE"
"545";"5171";"AB";"4614|11389|12053|12547|15700|41745|155830|322065|307140|325178|360279";"996";"1";"1032";"TRUE";"TRUE";"TRUE"
"546";"5172";"AB";"4614|11389|12053|12547|15700|41745|155830|322065|307140|325178|360279";"996";"1";"1032";"TRUE";"TRUE";"TRUE"
"547";"5173";"AB";"4614|12053|12547|41745|155830|317799";"10";"1";"884";"TRUE";"TRUE";"TRUE"
"548";"5174";"AB";"4614|11389|12053|15700|41745|155830|322065|307140|325178|360279";"996";"1";"1032";"TRUE";"TRUE";"TRUE"
"549";"5175";"AB";"4614|11389|12053|41745|155830|322065|307140|325178|360279";"996";"1";"1032";"TRUE";"TRUE";"TRUE"
"550";"5176";"AB";"4614|11389|12053|41745|155830|322065|307140|325178|360279";"996";"1";"1032";"TRUE";"TRUE";"TRUE"
"551";"5177";"AB";"4614|11389|12053|41745|155830|322065|307140|325178|360279";"996";"1";"1032";"TRUE";"TRUE";"TRUE"
"552";"5179";"AB";"4614|12053|12547|41745|155830|317799";"10";"1";"884";"TRUE";"TRUE";"TRUE"
"553";"5180";"AB";"4614|12053|12547|41745|155830|317799";"10";"1";"884";"TRUE";"TRUE";"TRUE"
"554";"5181";"AB";"11389|12053|41745|155830|322065|307140|325178|360279";"996";"1";"1032";"TRUE";"TRUE";"TRUE"
"555";"5182";"AB";"11389|12053|41745|155830|322065|307140|325178";"996";"1";"1032";"TRUE";"TRUE";"TRUE"
"556";"5185";"AB";"11389|12053|41745|155830|322065|307140";"996";"1";"1032";"TRUE";"TRUE";"TRUE"
"557";"5188";"AB";"12053|41745|307140";"996";"1";"1032";"TRUE";"TRUE";"TRUE"
"558";"5189";"AB";"12053|41745|307140";"996";"1";"1032";"TRUE";"TRUE";"TRUE"
"559";"5191";"AB";"12053|317799";"10";"1";"884";"TRUE";"TRUE";"TRUE"
"560";"5192";"AB";"12053|317799";"10";"1";"884";"TRUE";"TRUE";"TRUE"
"561";"52";"AB";"585077|587204|4614|41745|155830|317799";"213878";"3";"220220";"TRUE";"TRUE";"TRUE"
"562";"53";"AB";"587204|4614|41745|155830|317799";"213878";"3";"220220";"TRUE";"TRUE";"TRUE"
"563";"54";"AB";"587204|4614|41745|155830|317799";"213878";"3";"220220";"TRUE";"TRUE";"TRUE"
"564";"662";"AB";"589515|586805|587198|587571|588411|3085|4007|4614|11389|12053|12547|15700|41745|155830|322065|307140|325178|360279";"0";"0";"0";"TRUE";"TRUE";"TRUE"
"565";"663";"AB";"4007|12053|12547|15700|155830|322065|360279";"14";"1";"38";"TRUE";"TRUE";"TRUE"
"566";"664";"AB";"4007|12053|155830|322065";"14";"1";"38";"TRUE";"TRUE";"TRUE"
"567";"665";"AB";"589515|586805|587198|587571|588411|3085|4007|4614|11389|12053|12547|15700|41745|155830|322065|307140|325178|360279";"6";"1";"30";"TRUE";"TRUE";"TRUE"
"568";"666";"AB";"12053|41745|155830|307140|360279";"14";"1";"38";"TRUE";"TRUE";"TRUE"
"569";"667";"AB";"586805|587198|587571|588411|3085|4007|4614|11389|12053|12547|15700|41745|155830|322065|307140|325178|360279";"6";"1";"30";"TRUE";"TRUE";"TRUE"
"570";"668";"AB";"586805|587198|587571|588411|3085|4007|4614|11389|12053|15700|41745|155830|322065|307140|325178|360279";"6";"1";"30";"TRUE";"TRUE";"TRUE"
"571";"669";"AB";"586805|587198|587571|588411|3085|4614|11389|12053|41745|155830|322065|307140|325178|360279";"6";"1";"30";"TRUE";"TRUE";"TRUE"
"572";"670";"AB";"586805|587198|587571|588411|3085|4614|11389|12053|41745|155830|322065|307140|325178|360279";"6";"1";"30";"TRUE";"TRUE";"TRUE"
"573";"672";"AB";"41745|155830|307140|360279";"14";"1";"38";"TRUE";"TRUE";"TRUE"
"574";"673";"AB";"155830|360279";"14";"1";"38";"TRUE";"TRUE";"TRUE"
"575";"674";"AB";"155830|360279";"14";"1";"38";"TRUE";"TRUE";"TRUE"
"576";"9592";"AB";"12547|15700|322065|307140|325178";"1404";"2";"11865";"TRUE";"TRUE";"TRUE"
"577";"9594";"AB";"11389|12053|12547|15700|41745|155830|322065|307140|325178|360279";"1404";"2";"11568";"TRUE";"TRUE";"TRUE"
"578";"9595";"AB";"11389|12053|12547|15700|41745|155830|322065|307140|325178|360279";"1404";"2";"11568";"TRUE";"TRUE";"TRUE"
"579";"9596";"AB";"11389|12053|12547|15700|41745|155830|322065|307140|325178|360279";"1404";"2";"11568";"TRUE";"TRUE";"TRUE"
"580";"9597";"AB";"11389|12053|15700|307140";"1404";"2";"11568";"TRUE";"TRUE";"TRUE"
"581";"9598";"AB";"11389|12053|307140";"1404";"2";"11568";"TRUE";"TRUE";"TRUE"
"582";"9599";"AB";"11389|12053|12547|15700|41745|155830|322065|307140|325178|360279";"2";"1";"2";"TRUE";"TRUE";"TRUE"
"583";"9600";"AB";"11389|12053|12547|15700|41745|155830|322065|307140|325178|360279";"2";"1";"2";"TRUE";"TRUE";"TRUE"
"584";"9601";"AB";"11389|12053|15700|41745|155830|322065|307140|325178|360279";"2";"1";"2";"TRUE";"TRUE";"TRUE"
"585";"9602";"AB";"12547|15700|322065|307140|325178|360279";"1404";"2";"11865";"TRUE";"TRUE";"TRUE"
"586";"9603";"AB";"12053|12547|15700|41745|155830|307140|325178";"1404";"2";"11568";"TRUE";"TRUE";"TRUE"
"587";"9604";"AB";"12053|12547|15700|41745|155830|307140|325178";"1404";"2";"11568";"TRUE";"TRUE";"TRUE"
"588";"9605";"AB";"12053|12547|15700|41745|155830|307140|325178";"1404";"2";"11568";"TRUE";"TRUE";"TRUE"
"589";"9606";"AB";"12053|15700|41745|155830|307140|325178";"1404";"2";"11568";"TRUE";"TRUE";"TRUE"
"590";"9607";"AB";"12547|15700|322065|307140";"1404";"2";"11865";"TRUE";"TRUE";"TRUE"
"591";"9608";"AB";"12547|15700|307140";"1404";"2";"11865";"TRUE";"TRUE";"TRUE"
"592";"9611";"AB";"11389|12053|12547|15700|41745|155830|322065|307140|325178|360279";"1404";"2";"11568";"TRUE";"TRUE";"TRUE"
"593";"9612";"AB";"11389|12053|12547|15700|41745|155830|322065|307140|325178|360279";"1404";"2";"11568";"TRUE";"TRUE";"TRUE"
"594";"9613";"AB";"11389|12053|12547|15700|41745|155830|322065|307140|325178|360279";"1404";"2";"11568";"TRUE";"TRUE";"TRUE"
"595";"9614";"AB";"11389|12053|12547|15700|41745|155830|322065|307140|325178|360279";"1404";"2";"11568";"TRUE";"TRUE";"TRUE"
"596";"9615";"AB";"11389|12053|12547|15700|41745|155830|322065|307140|325178|360279";"1404";"2";"11568";"TRUE";"TRUE";"TRUE"
"597";"9616";"AB";"11389|12053|12547|15700|41745|155830|322065|307140|325178|360279";"1404";"2";"11568";"TRUE";"TRUE";"TRUE"
"598";"9618";"AB";"11389|12053|12547|15700|41745|155830|322065|307140|325178|360279";"2";"2";"3080";"TRUE";"TRUE";"TRUE"
"599";"9619";"AB";"11389|12053|12547|15700|41745|155830|322065|307140|325178|360279";"2";"2";"3080";"TRUE";"TRUE";"TRUE"
"600";"9620";"AB";"11389|12053|15700|41745|155830|322065|307140|325178|360279";"2";"2";"3080";"TRUE";"TRUE";"TRUE"
"601";"9621";"AB";"11389|12053|12547|15700|41745|155830|322065|307140|325178|360279";"0";"1";"2";"TRUE";"TRUE";"TRUE"
"602";"9622";"AB";"11389|12053|12547|15700|41745|155830|322065|307140|325178|360279";"0";"1";"2";"TRUE";"TRUE";"TRUE"
"603";"9623";"AB";"11389|12053|12547|15700|41745|155830|322065|307140|325178|360279";"0";"1";"2";"TRUE";"TRUE";"TRUE"
"604";"9625";"AB";"11389|12053|12547|15700|41745|155830|322065|307140|325178|360279";"1404";"2";"11568";"TRUE";"TRUE";"TRUE"
"605";"9626";"AB";"11389|12053|41745|155830|322065|307140|325178|360279";"1404";"2";"11568";"TRUE";"TRUE";"TRUE"
"606";"9627";"AB";"11389|12053|41745|155830|322065|307140|325178|360279";"1404";"2";"11568";"TRUE";"TRUE";"TRUE"
"607";"9628";"AB";"11389|12053|41745|155830|322065|307140|325178|360279";"1404";"2";"11568";"TRUE";"TRUE";"TRUE"
"608";"9629";"AB";"11389|12053|41745|155830|322065|307140|325178";"1404";"2";"11568";"TRUE";"TRUE";"TRUE"
"609";"9630";"AB";"11389|12053|41745|155830|322065|307140|325178";"1404";"2";"11568";"TRUE";"TRUE";"TRUE"
"610";"9631";"AB";"11389|12053|41745|155830|322065|307140|325178|360279";"2";"2";"3080";"TRUE";"TRUE";"TRUE"
"611";"9632";"AB";"11389|12053|41745|155830|322065|307140|325178|360279";"2";"2";"3080";"TRUE";"TRUE";"TRUE"
"612";"9633";"AB";"11389|12053|41745|155830|322065|307140|325178|360279";"2";"2";"3080";"TRUE";"TRUE";"TRUE"
"613";"9634";"AB";"11389|12053|41745|155830|322065|307140|325178|360279";"2";"2";"3080";"TRUE";"TRUE";"TRUE"
"614";"9635";"AB";"11389|12053|41745|155830|322065|307140|325178";"2";"2";"3080";"TRUE";"TRUE";"TRUE"
"615";"9636";"AB";"12547|15700|155830|322065|360279";"1404";"2";"11568";"TRUE";"TRUE";"TRUE"
"616";"9637";"AB";"15700";"1404";"2";"11568";"TRUE";"TRUE";"TRUE"
"617";"9643";"AB";"12053|12547|15700|41745|155830|322065|307140|325178|360279";"0";"1";"2";"TRUE";"TRUE";"TRUE"
"618";"9644";"AB";"12053|41745|155830|322065|307140|325178|360279";"0";"1";"2";"TRUE";"TRUE";"TRUE"
"619";"9645";"AB";"12053|41745|155830|322065|307140|325178|360279";"0";"1";"2";"TRUE";"TRUE";"TRUE"
"620";"9646";"AB";"12053|41745|155830|322065|307140|325178|360279";"0";"1";"2";"TRUE";"TRUE";"TRUE"
"621";"9647";"AB";"12053|41745|155830|322065|307140|325178";"0";"1";"2";"TRUE";"TRUE";"TRUE"
"622";"9649";"AB";"12053|41745|307140|325178|360279";"1404";"2";"11568";"TRUE";"TRUE";"TRUE"
"623";"9650";"AB";"12053|41745|307140|325178";"1404";"2";"11568";"TRUE";"TRUE";"TRUE"
"624";"9651";"AB";"12053|307140|325178";"1404";"2";"11568";"TRUE";"TRUE";"TRUE"
"625";"9654";"AB";"12053|307140|325178";"1404";"2";"11568";"TRUE";"TRUE";"TRUE"
"626";"9655";"AB";"12053|307140|325178";"1404";"2";"11568";"TRUE";"TRUE";"TRUE"
"627";"9656";"AB";"12053|307140|325178";"1404";"2";"11568";"TRUE";"TRUE";"TRUE"
"628";"9657";"AB";"325178";"1404";"2";"11568";"TRUE";"TRUE";"TRUE"
"629";"9659";"AB";"12053|41745|155830|322065|307140";"2";"2";"3080";"TRUE";"TRUE";"TRUE"
"630";"9958";"AB";"12053|12547|15700|41745|155830|322065|307140|325178|360279";"11";"2";"16396";"TRUE";"TRUE";"TRUE"
"631";"9959";"AB";"12053|12547|15700|155830|322065|307140|325178|360279";"13193";"3";"44434";"TRUE";"TRUE";"TRUE"
"632";"9960";"AB";"12053|15700|155830|322065|307140";"13193";"3";"44434";"TRUE";"TRUE";"TRUE"
"633";"9966";"AB";"12053|12547|15700|41745|155830|322065|307140|325178|360279";"1242";"3";"16396";"TRUE";"TRUE";"TRUE"
"634";"9967";"AB";"12053|12547|15700|41745|155830|322065|307140|325178|360279";"0";"1";"4";"TRUE";"TRUE";"TRUE"
"635";"9970";"AB";"12053|12547|15700|41745|155830|322065|307140|325178|360279";"1242";"3";"16396";"TRUE";"TRUE";"TRUE"
"636";"9971";"AB";"12053|12547|15700|41745|155830|322065|307140|325178|360279";"1242";"3";"16396";"TRUE";"TRUE";"TRUE"
"637";"9977";"AB";"12053|41745|155830|325178|360279";"13193";"3";"44434";"TRUE";"TRUE";"TRUE"
"638";"9978";"AB";"12053|155830|325178|360279";"13193";"3";"44434";"TRUE";"TRUE";"TRUE"
"639";"9979";"AB";"12053|12547|15700|41745|155830|322065|307140|325178|360279";"1242";"3";"16396";"TRUE";"TRUE";"TRUE"
"640";"9980";"AB";"12053|41745|155830|322065|307140|325178|360279";"1242";"3";"16396";"TRUE";"TRUE";"TRUE"
"641";"9981";"AB";"12053|12547|41745|155830|317799";"11";"2";"16396";"TRUE";"TRUE";"TRUE"
"642";"9983";"AB";"12053|12547|41745|155830|317799";"11";"2";"16396";"TRUE";"TRUE";"TRUE"
"643";"9984";"AB";"12053|12547|41745|155830|317799";"11";"2";"16396";"TRUE";"TRUE";"TRUE"
"644";"9985";"AB";"12053|12547|15700|41745|155830|322065|307140|325178|360279";"0";"1";"4";"TRUE";"TRUE";"TRUE"
"645";"9986";"AB";"12053|12547|15700|41745|155830|322065|307140|325178|360279";"0";"1";"4";"TRUE";"TRUE";"TRUE"
"646";"9990";"AB";"325178|360279";"13193";"3";"44434";"TRUE";"TRUE";"TRUE"
"647";"9996";"AB";"12053|12547|15700|41745|155830|322065|307140|325178|360279";"11";"2";"16396";"TRUE";"TRUE";"TRUE"
"648";"9997";"AB";"12053|12547|15700|41745|155830|322065|307140|325178|360279";"20069";"3";"181558";"TRUE";"TRUE";"TRUE"
"649";"9998";"AB";"12053|12547|15700|41745|155830|322065|307140|325178|360279";"19446";"3";"181558";"TRUE";"TRUE";"TRUE"
"650";"9999";"AB";"12053|12547|15700|41745|155830|322065|307140|325178|360279";"19446";"3";"181558";"TRUE";"TRUE";"TRUE"
"651";"10004";"B";"12053|12547|307140|325178";"20069";"3";"181558";"TRUE";"TRUE";"TRUE"
"652";"10005";"B";"12053|155830|307140|325178";"20069";"3";"181558";"TRUE";"TRUE";"TRUE"
"653";"10006";"B";"12053|325178";"20069";"3";"181558";"TRUE";"TRUE";"TRUE"
"654";"10009";"B";"12053|325178";"13193";"3";"44434";"TRUE";"TRUE";"TRUE"
"655";"10010";"B";"12053";"13193";"3";"44434";"TRUE";"TRUE";"TRUE"
"656";"10011";"B";"12053";"13193";"3";"44434";"TRUE";"TRUE";"TRUE"
"657";"10017";"B";"12053|12547|41745|155830|317799";"1242";"3";"16396";"TRUE";"TRUE";"TRUE"
"658";"10026";"B";"12053|15700|155830|325178";"20069";"3";"181558";"TRUE";"TRUE";"TRUE"
"659";"10027";"B";"12053|12547|15700|307140|325178";"20069";"3";"181558";"TRUE";"TRUE";"TRUE"
"660";"10028";"B";"12053|12547";"19446";"3";"181558";"TRUE";"TRUE";"TRUE"
"661";"10039";"B";"307140|325178";"20069";"3";"181558";"TRUE";"TRUE";"TRUE"
"662";"10040";"B";"325178";"20069";"3";"181558";"TRUE";"TRUE";"TRUE"
"663";"10042";"B";"155830|307140|325178";"19446";"3";"181558";"TRUE";"TRUE";"TRUE"
"664";"10043";"B";"12547";"20069";"3";"181558";"TRUE";"TRUE";"TRUE"
"665";"10044";"B";"12547|307140|325178";"20069";"3";"181558";"TRUE";"TRUE";"TRUE"
"666";"10046";"B";"15700|155830";"20069";"3";"181558";"TRUE";"TRUE";"TRUE"
"667";"10049";"B";"307140";"20069";"3";"181558";"TRUE";"TRUE";"TRUE"
"668";"10050";"B";"307140";"20069";"3";"181558";"TRUE";"TRUE";"TRUE"
"669";"10052";"B";"15700|155830";"13193";"3";"44434";"TRUE";"TRUE";"TRUE"
"670";"10053";"B";"15700|155830";"13193";"3";"44434";"TRUE";"TRUE";"TRUE"
"671";"10057";"B";"325178";"20069";"3";"181558";"TRUE";"TRUE";"TRUE"
"672";"10058";"B";"155830";"20069";"3";"181558";"TRUE";"TRUE";"TRUE"
"673";"10061";"B";"41745|155830|317799";"1242";"3";"16396";"TRUE";"TRUE";"TRUE"
"674";"10062";"B";"41745|155830|317799";"1242";"3";"16396";"TRUE";"TRUE";"TRUE"
"675";"10070";"B";"325178";"20069";"3";"181558";"TRUE";"TRUE";"TRUE"
"676";"10071";"B";"325178";"20069";"3";"181558";"TRUE";"TRUE";"TRUE"
"677";"10072";"B";"15700|41745|325178";"19446";"3";"181558";"TRUE";"TRUE";"TRUE"
"678";"10076";"B";"307140";"19446";"3";"181558";"TRUE";"TRUE";"TRUE"
"679";"10077";"B";"307140|325178";"19446";"3";"181558";"TRUE";"TRUE";"TRUE"
"680";"10078";"B";"325178";"20069";"3";"181558";"TRUE";"TRUE";"TRUE"
"681";"10079";"B";"15700|155830";"13193";"3";"44434";"TRUE";"TRUE";"TRUE"
"682";"10082";"B";"307140|325178";"20069";"3";"181558";"TRUE";"TRUE";"TRUE"
"683";"10083";"B";"41745|155830|307140";"10742";"3";"18466";"TRUE";"TRUE";"TRUE"
"684";"10084";"B";"41745|155830|307140";"10742";"3";"18466";"TRUE";"TRUE";"TRUE"
"685";"10085";"B";"41745|307140";"10742";"3";"18466";"TRUE";"TRUE";"TRUE"
"686";"10088";"B";"41745|307140";"10742";"3";"18466";"TRUE";"TRUE";"TRUE"
"687";"10122";"B";"12547|307140";"41511";"3";"43090";"TRUE";"TRUE";"TRUE"
"688";"10126";"B";"12547|41745|155830|317799";"356";"3";"7960";"TRUE";"TRUE";"TRUE"
"689";"10127";"B";"307140";"41511";"3";"43090";"TRUE";"TRUE";"TRUE"
"690";"10133";"B";"12547|15700|155830|322065|307140";"41511";"3";"43090";"TRUE";"TRUE";"TRUE"
"691";"10134";"B";"12547|15700|325178";"41511";"3";"43090";"TRUE";"TRUE";"TRUE"
"692";"10144";"B";"12547|15700";"41511";"3";"43090";"TRUE";"TRUE";"TRUE"
"693";"10160";"B";"15700|307140|325178";"41511";"3";"43090";"TRUE";"TRUE";"TRUE"
"694";"10161";"B";"325178";"41511";"3";"43090";"TRUE";"TRUE";"TRUE"
"695";"10168";"B";"307140";"41511";"3";"43090";"TRUE";"TRUE";"TRUE"
"696";"10169";"B";"307140|325178";"41511";"3";"43090";"TRUE";"TRUE";"TRUE"
"697";"10170";"B";"41745|155830|317799";"356";"3";"2900";"TRUE";"TRUE";"TRUE"
"698";"10173";"B";"155830|322065|307140";"37992";"3";"41428";"TRUE";"TRUE";"TRUE"
"699";"10176";"B";"307140|325178";"41511";"3";"43090";"TRUE";"TRUE";"TRUE"
"700";"10177";"B";"307140";"41511";"3";"47259";"TRUE";"TRUE";"TRUE"
"701";"10178";"B";"360279";"41511";"3";"43090";"TRUE";"TRUE";"TRUE"
"702";"10181";"B";"155830|307140";"37992";"3";"41428";"TRUE";"TRUE";"TRUE"
"703";"10183";"B";"325178";"41511";"3";"43090";"TRUE";"TRUE";"TRUE"
"704";"11011";"B";"155830|322065";"26550";"2";"26798";"TRUE";"TRUE";"TRUE"
"705";"11014";"B";"41745|322065|360279";"2940";"2";"23648";"TRUE";"TRUE";"TRUE"
"706";"11016";"B";"155830|307140|325178";"2202";"2";"2204";"TRUE";"TRUE";"TRUE"
"707";"11017";"B";"155830|307140|325178";"2202";"2";"2204";"TRUE";"TRUE";"TRUE"
"708";"11019";"B";"325178";"260681";"2";"267703";"TRUE";"TRUE";"TRUE"
"709";"11026";"B";"15700";"2202";"2";"2204";"TRUE";"TRUE";"TRUE"
"710";"11030";"B";"155830|307140|325178";"260681";"2";"267703";"TRUE";"TRUE";"TRUE"
"711";"11031";"B";"307140|325178";"26550";"2";"26798";"TRUE";"TRUE";"TRUE"
"712";"11037";"B";"360279";"2202";"2";"2204";"TRUE";"TRUE";"TRUE"
"713";"11038";"B";"41745|155830|307140|325178";"2202";"2";"2204";"TRUE";"TRUE";"TRUE"
"714";"11039";"B";"41745|155830|307140|325178";"2202";"2";"2204";"TRUE";"TRUE";"TRUE"
"715";"11045";"B";"155830|360279";"260681";"2";"267703";"TRUE";"TRUE";"TRUE"
"716";"11047";"B";"360279";"2202";"2";"2204";"TRUE";"TRUE";"TRUE"
"717";"11048";"B";"325178";"260681";"2";"267703";"TRUE";"TRUE";"TRUE"
"718";"11053";"B";"41745";"26550";"2";"26798";"TRUE";"TRUE";"TRUE"
"719";"14118";"B";"307140";"11930";"2";"13418";"TRUE";"TRUE";"TRUE"
"720";"14132";"B";"41745|155830|317799";"11930";"2";"13418";"TRUE";"TRUE";"TRUE"
"721";"14139";"B";"325178";"34436";"2";"36912";"TRUE";"TRUE";"TRUE"
"722";"14147";"B";"41745|155830|317799";"11930";"2";"13418";"TRUE";"TRUE";"TRUE"
"723";"14158";"B";"41745|322065";"34436";"2";"36912";"TRUE";"TRUE";"TRUE"
"724";"14161";"B";"155830|317799";"11930";"2";"13418";"TRUE";"TRUE";"TRUE"
"725";"14170";"B";"155830|317799";"11930";"2";"13418";"TRUE";"TRUE";"TRUE"
"726";"14171";"B";"155830|307140";"2";"2";"13418";"TRUE";"TRUE";"TRUE"
"727";"14172";"B";"155830|307140";"2";"2";"13418";"TRUE";"TRUE";"TRUE"
"728";"14173";"B";"307140";"2";"2";"13418";"TRUE";"TRUE";"TRUE"
"729";"14174";"B";"307140";"2";"2";"13418";"TRUE";"TRUE";"TRUE"
"730";"14175";"B";"155830";"11930";"2";"13418";"TRUE";"TRUE";"TRUE"
"731";"14176";"B";"155830";"11930";"2";"13418";"TRUE";"TRUE";"TRUE"
"732";"14177";"B";"155830";"11930";"2";"13418";"TRUE";"TRUE";"TRUE"
"733";"14178";"B";"155830|317799";"11930";"2";"13418";"TRUE";"TRUE";"TRUE"
"734";"14179";"B";"325178";"34436";"2";"36912";"TRUE";"TRUE";"TRUE"
"735";"15123";"B";"325178";"14112";"1";"15716";"TRUE";"TRUE";"TRUE"
"736";"15130";"B";"155830|317799";"14112";"1";"46768";"TRUE";"TRUE";"TRUE"
"737";"15133";"B";"155830|322065|307140|360279";"2667";"1";"9040";"TRUE";"TRUE";"TRUE"
"738";"15137";"B";"322065|307140";"14112";"1";"34938";"TRUE";"TRUE";"TRUE"
"739";"15144";"B";"155830|317799";"14112";"1";"46768";"TRUE";"TRUE";"TRUE"
"740";"15152";"B";"155830|317799";"0";"1";"45";"TRUE";"TRUE";"TRUE"
"741";"15153";"B";"155830|317799";"14112";"1";"46768";"TRUE";"TRUE";"TRUE"
"742";"15162";"B";"307140|325178";"727";"1";"2796";"TRUE";"TRUE";"TRUE"
"743";"15163";"B";"307140|325178";"727";"1";"2796";"TRUE";"TRUE";"TRUE"
"744";"15168";"B";"307140|325178";"2667";"1";"9040";"TRUE";"TRUE";"TRUE"
"745";"15171";"B";"307140|325178";"2667";"1";"9040";"TRUE";"TRUE";"TRUE"
"746";"15172";"B";"307140|325178";"2667";"1";"9040";"TRUE";"TRUE";"TRUE"
"747";"15173";"B";"307140|325178";"2667";"1";"9040";"TRUE";"TRUE";"TRUE"
"748";"15175";"B";"307140|325178";"727";"1";"2796";"TRUE";"TRUE";"TRUE"
"749";"15176";"B";"307140|325178";"727";"1";"2796";"TRUE";"TRUE";"TRUE"
"750";"15179";"B";"307140|325178";"727";"1";"2796";"TRUE";"TRUE";"TRUE"
"751";"15180";"B";"322065|307140|325178";"727";"1";"1084";"TRUE";"TRUE";"TRUE"
"752";"15184";"B";"307140|325178";"4790";"1";"9040";"TRUE";"TRUE";"TRUE"
"753";"15186";"B";"317799";"14112";"1";"46768";"TRUE";"TRUE";"TRUE"
"754";"15187";"B";"317799";"14112";"1";"46768";"TRUE";"TRUE";"TRUE"
"755";"15188";"B";"317799";"0";"1";"45";"TRUE";"TRUE";"TRUE"
"756";"15189";"B";"317799";"0";"1";"45";"TRUE";"TRUE";"TRUE"
"757";"15190";"B";"317799";"0";"1";"45";"TRUE";"TRUE";"TRUE"
"758";"15191";"B";"322065|307140|360279";"14112";"1";"34938";"TRUE";"TRUE";"TRUE"
"759";"15542";"B";"322065|360279";"4263";"1";"22162";"TRUE";"TRUE";"TRUE"
"760";"15559";"B";"307140|325178|360279";"5766";"1";"56769";"TRUE";"TRUE";"TRUE"
"761";"15560";"B";"307140";"5766";"1";"56769";"TRUE";"TRUE";"TRUE"
"762";"15561";"B";"360279";"5766";"1";"56769";"TRUE";"TRUE";"TRUE"
"763";"15577";"B";"307140|325178";"1139";"1";"7355";"TRUE";"TRUE";"TRUE"
"764";"15578";"B";"307140|325178";"1139";"1";"7355";"TRUE";"TRUE";"TRUE"
"765";"15579";"B";"307140|325178";"1139";"1";"7355";"TRUE";"TRUE";"TRUE"
"766";"15585";"B";"307140|325178";"1139";"1";"7355";"TRUE";"TRUE";"TRUE"
"767";"15586";"B";"325178";"1139";"1";"7355";"TRUE";"TRUE";"TRUE"
"768";"15587";"B";"325178";"1320";"1";"11934";"TRUE";"TRUE";"TRUE"
"769";"15593";"B";"307140";"22440";"1";"27670";"TRUE";"TRUE";"TRUE"
"770";"15595";"B";"307140|325178|360279";"1139";"1";"7355";"TRUE";"TRUE";"TRUE"
"771";"15615";"B";"307140|325178";"1320";"1";"11934";"TRUE";"TRUE";"TRUE"
"772";"15622";"B";"325178";"1320";"1";"11934";"TRUE";"TRUE";"TRUE"
"773";"15636";"B";"307140|325178";"1139";"1";"7355";"TRUE";"TRUE";"TRUE"
"774";"15637";"B";"307140|325178";"1139";"1";"7355";"TRUE";"TRUE";"TRUE"
"775";"15641";"B";"307140|325178|360279";"201";"1";"713";"TRUE";"TRUE";"TRUE"
"776";"15647";"B";"307140";"1320";"1";"11934";"TRUE";"TRUE";"TRUE"
"777";"15648";"B";"307140|325178|360279";"1320";"1";"11934";"TRUE";"TRUE";"TRUE"
"778";"15649";"B";"307140|325178";"1139";"1";"7355";"TRUE";"TRUE";"TRUE"
"779";"15651";"B";"307140|325178";"240";"1";"7355";"TRUE";"TRUE";"TRUE"
"780";"15669";"B";"307140|325178";"22440";"1";"27670";"TRUE";"TRUE";"TRUE"
"781";"15670";"B";"307140|325178";"22440";"1";"27670";"TRUE";"TRUE";"TRUE"
"782";"15671";"B";"307140|325178";"22440";"1";"27670";"TRUE";"TRUE";"TRUE"
"783";"15675";"B";"325178";"22440";"1";"27670";"TRUE";"TRUE";"TRUE"
"784";"15676";"B";"325178";"22440";"1";"27670";"TRUE";"TRUE";"TRUE"
"785";"15677";"B";"325178";"1442";"1";"11934";"TRUE";"TRUE";"TRUE"
"786";"15678";"B";"325178";"1320";"1";"11934";"TRUE";"TRUE";"TRUE"
"787";"15679";"B";"325178";"1320";"1";"11934";"TRUE";"TRUE";"TRUE"
"788";"15680";"B";"325178";"1139";"1";"7355";"TRUE";"TRUE";"TRUE"
"789";"15681";"B";"325178";"1139";"1";"7355";"TRUE";"TRUE";"TRUE"
"790";"15690";"B";"325178";"13646";"2";"34062";"TRUE";"TRUE";"TRUE"
"791";"15697";"B";"325178";"67247";"2";"123633";"TRUE";"TRUE";"TRUE"
"792";"15698";"B";"325178";"5790";"2";"9515";"TRUE";"TRUE";"TRUE"
"793";"15699";"B";"325178";"5790";"2";"9515";"TRUE";"TRUE";"TRUE"
"794";"15700";"B";"325178";"5790";"2";"9515";"TRUE";"TRUE";"TRUE"
"795";"15706";"B";"325178";"67247";"2";"123633";"TRUE";"TRUE";"TRUE"
"796";"15707";"B";"325178";"55472";"2";"79901";"TRUE";"TRUE";"TRUE"
"797";"15708";"B";"325178";"55472";"2";"79901";"TRUE";"TRUE";"TRUE"
"798";"15709";"B";"325178";"7972";"2";"34062";"TRUE";"TRUE";"TRUE"
"799";"15710";"B";"325178";"7972";"2";"34062";"TRUE";"TRUE";"TRUE"
"800";"15711";"B";"325178";"5790";"2";"9515";"TRUE";"TRUE";"TRUE"
"801";"15712";"B";"325178";"5790";"2";"5866";"TRUE";"TRUE";"TRUE"
"802";"15713";"B";"325178|360279";"1883";"2";"4242";"TRUE";"TRUE";"TRUE"
"803";"15714";"B";"325178|360279";"487";"2";"2513";"TRUE";"TRUE";"TRUE"
"804";"15731";"B";"325178|360279";"67247";"2";"123633";"TRUE";"TRUE";"TRUE"
"805";"15732";"B";"325178";"67247";"2";"123633";"TRUE";"TRUE";"TRUE"
"806";"15733";"B";"325178";"67247";"2";"123633";"TRUE";"TRUE";"TRUE"
"807";"15734";"B";"325178";"67247";"2";"123633";"TRUE";"TRUE";"TRUE"
"808";"15735";"B";"325178";"67247";"2";"123633";"TRUE";"TRUE";"TRUE"
"809";"15736";"B";"325178";"67247";"2";"123633";"TRUE";"TRUE";"TRUE"
"810";"15737";"B";"325178";"67247";"2";"123633";"TRUE";"TRUE";"TRUE"
"811";"15738";"B";"325178";"67247";"2";"80122";"TRUE";"TRUE";"TRUE"
"812";"15739";"B";"325178|360279";"7972";"2";"34062";"TRUE";"TRUE";"TRUE"
"813";"15740";"B";"325178";"7494";"2";"16546";"TRUE";"TRUE";"TRUE"
"814";"15741";"B";"325178";"5790";"2";"9515";"TRUE";"TRUE";"TRUE"
"815";"15742";"B";"325178";"5790";"2";"9515";"TRUE";"TRUE";"TRUE"
"816";"15743";"B";"325178";"5790";"2";"9515";"TRUE";"TRUE";"TRUE"
"817";"15744";"B";"325178";"5790";"2";"9515";"TRUE";"TRUE";"TRUE"
"818";"15745";"B";"325178";"5790";"2";"9515";"TRUE";"TRUE";"TRUE"
"819";"15757";"B";"325178|360279";"1883";"2";"4242";"TRUE";"TRUE";"TRUE"
"820";"15760";"B";"325178";"1883";"2";"4242";"TRUE";"TRUE";"TRUE"
"821";"15761";"B";"325178";"1883";"2";"4242";"TRUE";"TRUE";"TRUE"
"822";"15774";"B";"325178";"67247";"2";"123633";"TRUE";"TRUE";"TRUE"
"823";"15775";"B";"325178";"13646";"2";"34062";"TRUE";"TRUE";"TRUE"
"824";"15776";"B";"325178|360279";"7972";"2";"34062";"TRUE";"TRUE";"TRUE"
"825";"15777";"B";"325178";"7972";"2";"34062";"TRUE";"TRUE";"TRUE"
"826";"15778";"B";"325178";"7494";"2";"16546";"TRUE";"TRUE";"TRUE"
"827";"15779";"B";"325178";"7494";"2";"16546";"TRUE";"TRUE";"TRUE"
"828";"15780";"B";"325178";"7494";"2";"16546";"TRUE";"TRUE";"TRUE"
"829";"15781";"B";"325178";"7494";"2";"16546";"TRUE";"TRUE";"TRUE"
"830";"15782";"B";"325178";"5790";"2";"5866";"TRUE";"TRUE";"TRUE"
"831";"15783";"B";"325178";"5790";"2";"5866";"TRUE";"TRUE";"TRUE"
"832";"15995";"B";"360279";"3106";"3";"6356";"TRUE";"TRUE";"TRUE"
"833";"15996";"B";"360279";"0";"0";"0";"TRUE";"TRUE";"TRUE"
"834";"15997";"B";"360279";"0";"0";"0";"TRUE";"TRUE";"TRUE"
"835";"16003";"B";"360279";"3106";"3";"95841";"TRUE";"TRUE";"TRUE"
"836";"1717";"B";"12053|41745";"2655";"1";"4803";"TRUE";"TRUE";"TRUE"
"837";"1728";"B";"587204|3085|4614|12053|12547|41745|155830|317799";"8";"1";"14";"TRUE";"TRUE";"TRUE"
"838";"1737";"B";"587204|3085|4614|12053|41745|155830|317799";"8";"1";"14";"TRUE";"TRUE";"TRUE"
"839";"1743";"B";"4614|12053|41745|155830|317799";"8";"1";"13323";"TRUE";"TRUE";"TRUE"
"840";"1744";"B";"4614|12053|41745|155830|317799";"8";"1";"13323";"TRUE";"TRUE";"TRUE"
"841";"1754";"B";"587571|155830|325178";"223157";"1";"210837";"TRUE";"TRUE";"TRUE"
"842";"1755";"B";"587571|155830";"223157";"1";"210837";"TRUE";"TRUE";"TRUE"
"843";"1756";"B";"587571";"223157";"1";"210837";"TRUE";"TRUE";"TRUE"
"844";"3236";"B";"3085|12053|12547|15700|307140|325178";"1093";"1";"7547";"TRUE";"TRUE";"TRUE"
"845";"3239";"B";"3085|12547|15700|307140";"1093";"1";"7547";"TRUE";"TRUE";"TRUE"
"846";"3242";"B";"4007|307140";"2722";"2";"7547";"TRUE";"TRUE";"TRUE"
"847";"3243";"B";"4007|12053|307140|325178";"1225";"1";"7547";"TRUE";"TRUE";"TRUE"
"848";"3244";"B";"307140";"1225";"1";"7547";"TRUE";"TRUE";"TRUE"
"849";"3245";"B";"307140";"1225";"1";"7547";"TRUE";"TRUE";"TRUE"
"850";"3255";"B";"3085|155830";"189";"1";"396";"TRUE";"TRUE";"TRUE"
"851";"3262";"B";"3085|155830|325178";"1093";"1";"7547";"TRUE";"TRUE";"TRUE"
"852";"3263";"B";"3085|307140";"1093";"1";"7547";"TRUE";"TRUE";"TRUE"
"853";"3269";"B";"4007|12053|155830|307140|325178";"1225";"2";"7547";"TRUE";"TRUE";"TRUE"
"854";"3270";"B";"15700";"1093";"1";"7547";"TRUE";"TRUE";"TRUE"
"855";"3272";"B";"12547|322065|325178";"1093";"1";"7547";"TRUE";"TRUE";"TRUE"
"856";"3273";"B";"307140";"1093";"1";"7547";"TRUE";"TRUE";"TRUE"
"857";"3274";"B";"307140";"1093";"1";"7547";"TRUE";"TRUE";"TRUE"
"858";"3275";"B";"307140";"1093";"1";"7547";"TRUE";"TRUE";"TRUE"
"859";"3277";"B";"155830|325178";"189";"1";"396";"TRUE";"TRUE";"TRUE"
"860";"3280";"B";"307140";"2722";"2";"23088";"TRUE";"TRUE";"TRUE"
"861";"3283";"B";"325178";"1225";"2";"7547";"TRUE";"TRUE";"TRUE"
"862";"3290";"B";"307140";"2722";"2";"23088";"TRUE";"TRUE";"TRUE"
"863";"3293";"B";"3085|12547|307140";"1225";"1";"7547";"TRUE";"TRUE";"TRUE"
"864";"3306";"B";"3085|325178";"1460";"2";"7547";"TRUE";"TRUE";"TRUE"
"865";"3307";"B";"3085|4007|12053|307140|325178";"1225";"2";"7547";"TRUE";"TRUE";"TRUE"
"866";"3308";"B";"3085";"1225";"2";"7547";"TRUE";"TRUE";"TRUE"
"867";"3309";"B";"3085|12547|307140";"1225";"1";"7547";"TRUE";"TRUE";"TRUE"
"868";"3313";"B";"3085|4007|12053|12547|15700|41745|155830|307140|325178";"1093";"1";"7547";"TRUE";"TRUE";"TRUE"
"869";"3331";"B";"322065|307140";"1093";"1";"7547";"TRUE";"TRUE";"TRUE"
"870";"3334";"B";"15700|360279";"1093";"1";"7547";"TRUE";"TRUE";"TRUE"
"871";"3335";"B";"15700|360279";"1093";"1";"7547";"TRUE";"TRUE";"TRUE"
"872";"3342";"B";"322065";"1093";"1";"7547";"TRUE";"TRUE";"TRUE"
"873";"3343";"B";"4614|12053|12547|41745|155830|317799";"189";"1";"396";"TRUE";"TRUE";"TRUE"
"874";"3346";"B";"4614";"189";"1";"396";"TRUE";"TRUE";"TRUE"
"875";"3347";"B";"4614";"189";"1";"396";"TRUE";"TRUE";"TRUE"
"876";"3352";"B";"12547|307140|325178";"1093";"1";"7547";"TRUE";"TRUE";"TRUE"
"877";"3354";"B";"307140";"1225";"1";"7547";"TRUE";"TRUE";"TRUE"
"878";"3355";"B";"360279";"1093";"1";"7547";"TRUE";"TRUE";"TRUE"
"879";"3357";"B";"307140|325178";"1093";"1";"7547";"TRUE";"TRUE";"TRUE"
"880";"3360";"B";"4007";"2722";"2";"7547";"TRUE";"TRUE";"TRUE"
"881";"3361";"B";"325178";"1225";"2";"7547";"TRUE";"TRUE";"TRUE"
"882";"3362";"B";"4007|12053";"1093";"1";"7547";"TRUE";"TRUE";"TRUE"
"883";"3363";"B";"307140|325178";"1093";"1";"7547";"TRUE";"TRUE";"TRUE"
"884";"3365";"B";"4007|307140";"3862";"2";"24164";"TRUE";"TRUE";"TRUE"
"885";"3366";"B";"307140";"1093";"1";"7547";"TRUE";"TRUE";"TRUE"
"886";"3367";"B";"15700";"1093";"1";"7547";"TRUE";"TRUE";"TRUE"
"887";"3373";"B";"307140";"1093";"1";"7547";"TRUE";"TRUE";"TRUE"
"888";"3374";"B";"325178";"1225";"2";"7547";"TRUE";"TRUE";"TRUE"
"889";"3375";"B";"307140";"1225";"1";"7547";"TRUE";"TRUE";"TRUE"
"890";"3378";"B";"360279";"1093";"1";"7547";"TRUE";"TRUE";"TRUE"
"891";"3379";"B";"4614";"189";"1";"396";"TRUE";"TRUE";"TRUE"
"892";"3380";"B";"307140";"189";"1";"7547";"TRUE";"TRUE";"TRUE"
"893";"3381";"B";"12053|41745";"189";"1";"214";"TRUE";"TRUE";"TRUE"
"894";"3382";"B";"12053|41745";"189";"1";"214";"TRUE";"TRUE";"TRUE"
"895";"3383";"B";"4614";"189";"1";"396";"TRUE";"TRUE";"TRUE"
"896";"3390";"B";"12053|41745";"189";"1";"214";"TRUE";"TRUE";"TRUE"
"897";"3395";"B";"307140|325178";"1093";"1";"7547";"TRUE";"TRUE";"TRUE"
"898";"3396";"B";"307140|325178";"1093";"1";"7547";"TRUE";"TRUE";"TRUE"
"899";"3402";"B";"307140";"189";"1";"7547";"TRUE";"TRUE";"TRUE"
"900";"3404";"B";"307140";"189";"1";"7547";"TRUE";"TRUE";"TRUE"
"901";"4136";"B";"15700|325178";"13199";"2";"157853";"TRUE";"TRUE";"TRUE"
"902";"4138";"B";"4007";"13781";"2";"157853";"TRUE";"TRUE";"TRUE"
"903";"4139";"B";"4007|155830|307140|325178";"13199";"2";"157853";"TRUE";"TRUE";"TRUE"
"904";"4141";"B";"12053|15700|155830";"7369";"2";"87183";"TRUE";"TRUE";"TRUE"
"905";"4142";"B";"322065|325178";"7369";"2";"30206";"TRUE";"TRUE";"TRUE"
"906";"4144";"B";"12053";"13781";"2";"157853";"TRUE";"TRUE";"TRUE"
"907";"4147";"B";"4007|12053";"141734";"2";"297128";"TRUE";"TRUE";"TRUE"
"908";"4150";"B";"4007|12053|12547|41745|155830|307140|325178";"7369";"2";"87183";"TRUE";"TRUE";"TRUE"
"909";"4154";"B";"11389";"141734";"2";"179649";"TRUE";"TRUE";"TRUE"
"910";"4155";"B";"12053";"14455";"2";"157853";"TRUE";"TRUE";"TRUE"
"911";"4156";"B";"12053|307140|325178";"7369";"2";"87183";"TRUE";"TRUE";"TRUE"
"912";"4157";"B";"307140|325178";"7369";"2";"87183";"TRUE";"TRUE";"TRUE"
"913";"4158";"B";"12053|12547|41745|155830|307140|325178";"7369";"2";"87183";"TRUE";"TRUE";"TRUE"
"914";"4160";"B";"12053|12547|155830|307140|325178";"7369";"2";"30206";"TRUE";"TRUE";"TRUE"
"915";"4164";"B";"12053";"141734";"2";"297128";"TRUE";"TRUE";"TRUE"
"916";"4165";"B";"12547|307140";"13781";"2";"157853";"TRUE";"TRUE";"TRUE"
"917";"4166";"B";"12053";"13199";"2";"157853";"TRUE";"TRUE";"TRUE"
"918";"4169";"B";"325178";"7369";"2";"87183";"TRUE";"TRUE";"TRUE"
"919";"4171";"B";"12053|12547|15700|155830|307140|325178";"7369";"2";"30206";"TRUE";"TRUE";"TRUE"
"920";"4172";"B";"325178";"7369";"2";"87183";"TRUE";"TRUE";"TRUE"
"921";"4177";"B";"12053";"13781";"2";"157853";"TRUE";"TRUE";"TRUE"
"922";"4178";"B";"307140|325178";"13781";"2";"157853";"TRUE";"TRUE";"TRUE"
"923";"4183";"B";"325178";"13781";"2";"157853";"TRUE";"TRUE";"TRUE"
"924";"50";"B";"585077|587204|4614|41745|155830|317799";"213878";"3";"220220";"TRUE";"TRUE";"TRUE"
"925";"5151";"B";"307140";"12097";"3";"37241";"TRUE";"TRUE";"TRUE"
"926";"5155";"B";"155830";"12097";"3";"37241";"TRUE";"TRUE";"TRUE"
"927";"5156";"B";"155830";"12097";"3";"37241";"TRUE";"TRUE";"TRUE"
"928";"5157";"B";"155830";"12097";"3";"37241";"TRUE";"TRUE";"TRUE"
"929";"5165";"B";"4614|12053|12547|41745|155830|317799";"10";"1";"884";"TRUE";"TRUE";"TRUE"
"930";"5178";"B";"4614|12053|12547|41745|155830|317799";"10";"1";"884";"TRUE";"TRUE";"TRUE"
"931";"5183";"B";"12053|41745|155830|317799";"10";"1";"884";"TRUE";"TRUE";"TRUE"
"932";"5184";"B";"12053|41745|155830|317799";"10";"1";"884";"TRUE";"TRUE";"TRUE"
"933";"5186";"B";"12053|41745|155830|307140";"996";"1";"1032";"TRUE";"TRUE";"TRUE"
"934";"5187";"B";"12053|41745|155830|307140";"996";"1";"1032";"TRUE";"TRUE";"TRUE"
"935";"5190";"B";"41745|307140";"996";"1";"1032";"TRUE";"TRUE";"TRUE"
"936";"5193";"B";"12053";"10";"1";"884";"TRUE";"TRUE";"TRUE"
"937";"5195";"B";"11389|360279";"996";"2";"21819";"TRUE";"TRUE";"TRUE"
"938";"55";"B";"4614|41745|317799";"213878";"3";"220220";"TRUE";"TRUE";"TRUE"
"939";"56";"B";"4614|41745|317799";"213878";"3";"220220";"TRUE";"TRUE";"TRUE"
"940";"9591";"B";"12547|322065";"1404";"2";"11568";"TRUE";"TRUE";"TRUE"
"941";"9609";"B";"12547|307140";"1404";"2";"11865";"TRUE";"TRUE";"TRUE"
"942";"9610";"B";"12547|307140";"1404";"2";"11865";"TRUE";"TRUE";"TRUE"
"943";"9617";"B";"11389";"690";"2";"10205";"TRUE";"TRUE";"TRUE"
"944";"9624";"B";"11389";"1404";"2";"11865";"TRUE";"TRUE";"TRUE"
"945";"9638";"B";"15700";"1404";"2";"11568";"TRUE";"TRUE";"TRUE"
"946";"9639";"B";"15700";"1404";"2";"11568";"TRUE";"TRUE";"TRUE"
"947";"9648";"B";"12053|41745|322065|307140|325178|360279";"1404";"2";"11568";"TRUE";"TRUE";"TRUE"
"948";"9652";"B";"12053|307140|325178";"1404";"2";"11568";"TRUE";"TRUE";"TRUE"
"949";"9653";"B";"12053|307140|325178";"1404";"2";"11568";"TRUE";"TRUE";"TRUE"
"950";"9957";"B";"12053|41745";"19446";"3";"181558";"TRUE";"TRUE";"TRUE"
"951";"9963";"B";"307140";"19446";"3";"181558";"TRUE";"TRUE";"TRUE"
"952";"9964";"B";"307140";"19446";"3";"181558";"TRUE";"TRUE";"TRUE"
"953";"9965";"B";"307140";"19446";"3";"181558";"TRUE";"TRUE";"TRUE"
"954";"9968";"B";"12053|307140|325178";"20069";"3";"181558";"TRUE";"TRUE";"TRUE"
"955";"9969";"B";"12053|325178";"20069";"3";"181558";"TRUE";"TRUE";"TRUE"
"956";"9972";"B";"12053|12547|307140|325178";"20069";"3";"181558";"TRUE";"TRUE";"TRUE"
"957";"9973";"B";"12053";"20069";"3";"181558";"TRUE";"TRUE";"TRUE"
"958";"9974";"B";"12053";"20069";"3";"181558";"TRUE";"TRUE";"TRUE"
"959";"9975";"B";"12053|12547|15700|41745|322065";"19446";"3";"181558";"TRUE";"TRUE";"TRUE"
"960";"9976";"B";"12053";"19446";"3";"181558";"TRUE";"TRUE";"TRUE"
"961";"9982";"B";"12053|12547|41745|155830|317799";"11";"2";"16396";"TRUE";"TRUE";"TRUE"
"962";"9987";"B";"12547";"20069";"3";"181558";"TRUE";"TRUE";"TRUE"
"963";"9988";"B";"325178";"20069";"3";"181558";"TRUE";"TRUE";"TRUE"
"964";"9991";"B";"325178";"20069";"3";"181558";"TRUE";"TRUE";"TRUE"
"965";"9992";"B";"325178|360279";"13193";"3";"44434";"TRUE";"TRUE";"TRUE"
"966";"9993";"B";"325178|360279";"13193";"3";"44434";"TRUE";"TRUE";"TRUE"
"967";"9994";"B";"325178|360279";"13193";"3";"44434";"TRUE";"TRUE";"TRUE"
