"";"pid";"seq.id";"max.loc.diff";"max.ad.diff";"max.lc.diff"
"1";585077;49;213878;3;220220
"2";585077;50;213878;3;220220
"3";585077;51;213878;3;220220
"4";585077;52;213878;3;220220
"5";585077;53;213878;3;220220
"6";585077;54;213878;3;220220
"7";585077;55;213878;3;220220
"8";585077;56;213878;3;220220
"9";589515;662;0;0;0
"10";589515;663;14;1;38
"11";589515;664;14;1;38
"12";589515;665;6;1;30
"13";589515;666;14;1;38
"14";589515;667;6;1;30
"15";589515;668;6;1;30
"16";589515;669;6;1;30
"17";589515;670;6;1;30
"18";589515;671;14;1;38
"19";589515;672;14;1;38
"20";589515;673;14;1;38
"21";589515;674;14;1;38
"22";586805;1711;1545;1;4405
"23";586805;1712;1545;1;4405
"24";586805;1713;1545;1;4405
"25";586805;1714;1545;1;4405
"26";586805;1715;1545;1;4405
"27";586805;1716;1545;1;4405
"28";586805;1717;2655;1;4803
"29";587198;1718;0;0;0
"30";587198;1719;0;0;0
"31";587198;1720;85;2;2865
"32";587198;1721;85;2;2865
"33";587198;1722;85;2;2865
"34";587198;1723;85;2;2865
"35";587198;1724;85;2;2865
"36";587198;1725;85;2;2865
"37";587198;1726;85;2;2865
"38";587204;1727;8;1;14
"39";587204;1728;8;1;14
"40";587204;1729;0;1;14
"41";587204;1730;8;1;13323
"42";587204;1731;8;1;13323
"43";587204;1732;8;1;14
"44";587204;1733;0;1;14
"45";587204;1734;0;1;14
"46";587204;1735;8;1;13323
"47";587204;1736;8;1;13323
"48";587204;1737;8;1;14
"49";587204;1738;8;1;14
"50";587204;1739;8;1;14
"51";587204;1740;0;1;14
"52";587204;1741;0;1;14
"53";587204;1742;8;1;14
"54";587204;1743;8;1;13323
"55";587204;1744;8;1;13323
"56";587204;1745;8;1;13323
"57";587571;1746;223157;1;210837
"58";587571;1747;223157;1;210837
"59";587571;1748;6768;1;9817
"60";587571;1749;223157;1;210837
"61";587571;1750;223157;1;210837
"62";587571;1751;6768;1;96422
"63";587571;1752;6768;1;6860
"64";587571;1753;6768;1;6860
"65";587571;1754;223157;1;210837
"66";587571;1755;223157;1;210837
"67";587571;1756;223157;1;210837
"68";587571;1757;223157;1;210837
"69";587571;1758;223157;1;210837
"70";587571;1759;223157;1;210837
"71";587571;1760;6768;1;96422
"72";587571;1761;6768;1;96422
"73";587571;1762;6768;1;96422
"74";587571;1763;223157;1;210837
"75";587571;1764;223157;1;210837
"76";587571;1765;6768;1;96422
"77";587571;1766;6768;1;6860
"78";587571;1767;6768;1;6860
"79";587571;1768;223157;1;210837
"80";588411;1774;0;1;14
"81";588411;1775;12;1;875
"82";588411;1776;0;1;20
"83";588411;1777;12;1;875
"84";588411;1778;12;1;875
"85";588411;1779;12;1;875
"86";588411;1780;12;1;875
"87";588411;1781;0;1;20
"88";588411;1782;0;1;20
"89";588411;1783;0;1;20
"90";588411;1784;12;1;875
"91";588411;1785;0;1;20
"92";589091;1792;301;1;541
"93";589091;1793;301;1;541
"94";589091;1794;301;1;541
"95";589091;1795;301;1;541
"96";475;2101;28944;3;412762
"97";475;2102;28944;3;412762
"98";475;2103;2749;3;412762
"99";475;2104;28944;3;412762
"100";475;2105;28944;3;412762
"101";475;2106;28944;3;412762
"102";475;2107;28944;3;412762
"103";475;2108;28944;3;412762
"104";475;2109;2749;3;412762
"105";475;2110;2749;3;412762
"106";475;2111;2435;3;5127
"107";475;2112;2435;3;5127
"108";475;2113;1982;2;3768
"109";475;2114;28944;3;412762
"110";475;2115;2749;3;412762
"111";475;2116;2749;3;412762
"112";475;2117;28944;3;412762
"113";475;2118;2435;3;16913
"114";475;2119;28944;3;412762
"115";475;2120;28944;3;412762
"116";475;2121;2435;3;16913
"117";475;2122;28944;3;412762
"118";475;2123;2435;3;16913
"119";475;2124;28944;3;412762
"120";475;2125;28944;3;412762
"121";475;2126;28944;3;412762
"122";475;2127;28944;3;412762
"123";475;2128;2749;3;412762
"124";475;2129;2749;3;412762
"125";475;2130;28944;3;412762
"126";475;2131;2749;3;412762
"127";475;2132;2749;3;412762
"128";475;2133;2749;3;412762
"129";475;2134;2749;3;412762
"130";475;2135;2749;3;412762
"131";475;2136;1982;2;3768
"132";475;2137;578;2;1845
"133";475;2138;28944;3;412762
"134";475;2139;28944;3;412762
"135";475;2140;2749;3;412762
"136";475;2141;2435;3;16913
"137";475;2142;1982;2;3768
"138";475;2143;1982;2;3768
"139";475;2144;28944;3;412762
"140";475;2145;28944;3;412762
"141";475;2146;28944;3;412762
"142";475;2147;28944;3;412762
"143";475;2148;2435;3;16913
"144";475;2149;2435;3;5127
"145";475;2150;578;2;1845
"146";475;2151;578;2;1845
"147";475;2152;28944;3;412762
"148";475;2153;28944;3;412762
"149";475;2154;28944;3;412762
"150";475;2155;28944;3;412762
"151";475;2156;0;2;1845
"152";475;2157;28944;3;412762
"153";475;2158;2749;3;412762
"154";475;2159;28944;3;412762
"155";475;2160;2749;3;412762
"156";475;2161;2749;3;412762
"157";475;2162;2435;3;5127
"158";475;2163;2435;3;5127
"159";475;2164;2435;3;5127
"160";475;2165;2435;3;5127
"161";475;2166;0;2;1845
"162";475;2167;28944;3;412762
"163";475;2168;2749;3;412762
"164";475;2169;2749;3;412762
"165";475;2170;2435;3;16913
"166";475;2171;2435;3;5127
"167";475;2172;1982;2;3768
"168";475;2173;28944;3;412762
"169";475;2174;28944;3;412762
"170";475;2175;2749;3;412762
"171";475;2176;28944;3;412762
"172";475;2177;28944;3;412762
"173";475;2178;2435;3;16913
"174";475;2179;28944;3;412762
"175";475;2180;28944;3;412762
"176";475;2181;2749;3;412762
"177";475;2182;2749;3;412762
"178";475;2183;2435;3;5127
"179";475;2184;2435;3;5127
"180";475;2185;28944;3;412762
"181";475;2186;2435;3;5127
"182";475;2187;28944;3;412762
"183";475;2188;2435;3;5127
"184";3927;2694;3994;6;4226
"185";3927;2695;3994;6;4226
"186";3927;2696;3994;6;135764
"187";3927;2697;3994;6;5745
"188";3927;2698;2137;6;4226
"189";3927;2699;3994;6;5745
"190";3927;2700;3994;6;4226
"191";3927;2701;3994;6;135764
"192";3927;2702;3994;6;135764
"193";3927;2703;3994;6;135764
"194";3927;2704;3994;6;4226
"195";3927;2705;3994;6;4226
"196";3927;2706;3994;6;135764
"197";3927;2707;3994;6;135764
"198";3927;2708;3994;6;135764
"199";3927;2709;3994;6;5468
"200";3927;2710;2137;6;4226
"201";3927;2711;3994;6;5468
"202";3927;2712;3994;6;5468
"203";3927;2713;3994;6;4226
"204";3927;2714;3994;6;4226
"205";3927;2715;2137;4;3029
"206";3927;2716;2137;4;3029
"207";3927;2717;3994;6;5745
"208";3927;2718;3994;6;4226
"209";3927;2719;2137;6;4226
"210";3927;2720;2137;6;4226
"211";3927;2721;2137;6;4226
"212";3927;2722;2137;4;3029
"213";3927;2723;2137;4;3029
"214";3927;2724;2137;4;3029
"215";3927;2725;2137;4;3029
"216";3927;2726;2137;4;3029
"217";3927;2727;0;3;3029
"218";3927;2728;3994;6;135764
"219";3927;2729;3994;6;135764
"220";3927;2730;3994;6;135764
"221";3927;2731;3994;6;135764
"222";3927;2732;3994;6;5745
"223";3927;2733;3994;6;5468
"224";3927;2734;3994;6;4226
"225";3927;2735;3994;6;4226
"226";3927;2736;3994;6;4226
"227";3927;2737;3994;6;4226
"228";3927;2738;3994;6;4226
"229";3927;2739;3994;6;5745
"230";3927;2740;3994;6;5745
"231";3927;2741;3994;6;5745
"232";3927;2742;3994;6;135764
"233";3927;2743;3994;6;135764
"234";3927;2744;3994;6;4226
"235";3927;2745;3994;6;135764
"236";3927;2746;3994;6;135764
"237";3927;2747;3994;6;135764
"238";3927;2748;3994;6;5745
"239";3927;2749;3994;6;4226
"240";3927;2750;3994;6;4226
"241";3927;2751;2137;4;3029
"242";3927;2752;2137;4;3029
"243";3927;2753;2137;4;3029
"244";3927;2754;3994;6;135764
"245";3927;2755;3994;6;135764
"246";3927;2756;3994;6;135764
"247";3927;2757;3994;6;135764
"248";3927;2758;3994;6;135764
"249";3927;2759;3994;6;5745
"250";3927;2760;3994;6;5745
"251";3927;2761;3994;6;5745
"252";3927;2762;3994;6;4226
"253";3927;2763;3994;6;4226
"254";3927;2764;3994;6;4226
"255";3927;2765;3994;6;4226
"256";3927;2766;3994;6;4226
"257";3927;2767;3994;6;4226
"258";3927;2768;3994;6;4226
"259";3927;2769;3994;6;4226
"260";3927;2770;3994;6;4226
"261";3927;2771;3994;6;4226
"262";3927;2772;3994;6;4226
"263";3927;2773;3994;6;4226
"264";3927;2774;2137;4;3029
"265";3927;2775;2137;4;3029
"266";3927;2776;2137;4;3029
"267";3927;2777;2137;4;3029
"268";3927;2778;2137;4;3029
"269";3927;2779;2137;4;3029
"270";3927;2780;2137;4;3029
"271";3927;2781;2137;4;3029
"272";3927;2782;2137;4;3029
"273";3927;2783;2137;4;3029
"274";3927;2784;2137;4;3029
"275";3927;2785;2137;3;3029
"276";3927;2786;2137;3;3029
"277";3927;2787;0;3;3029
"278";3927;2788;3994;6;135764
"279";3927;2789;3994;6;135764
"280";3927;2790;3994;6;135764
"281";3927;2791;3994;6;135764
"282";3927;2792;3994;6;135764
"283";3927;2793;3994;6;135764
"284";3927;2794;3994;6;5745
"285";3927;2795;3994;6;4226
"286";3927;2796;3994;6;4226
"287";3927;2797;3994;6;4226
"288";3927;2798;3994;6;4226
"289";3927;2799;3994;6;4226
"290";3927;2800;3994;6;4226
"291";3927;2801;3994;6;4226
"292";3927;2802;3994;6;4226
"293";3927;2803;3994;6;4226
"294";3927;2804;2137;4;3029
"295";3927;2805;2137;4;3029
"296";3927;2806;2137;4;3029
"297";3927;2807;2137;4;3029
"298";3927;2808;2137;4;3029
"299";3927;2809;2137;4;3029
"300";3927;2810;2137;4;3029
"301";3927;2811;2137;4;3029
"302";3927;2812;2137;4;3029
"303";3927;2813;2137;4;3029
"304";3927;2814;3994;6;135764
"305";3927;2815;3994;6;135764
"306";3927;2816;3994;6;5745
"307";3927;2817;3994;6;5745
"308";3927;2818;3994;6;5745
"309";3927;2819;3994;6;5745
"310";3927;2820;3994;6;4226
"311";3927;2821;2137;4;3029
"312";3927;2822;3994;6;5745
"313";3927;2823;3994;6;5745
"314";3927;2824;3994;6;4226
"315";3927;2825;3994;6;4226
"316";3927;2826;3994;6;5745
"317";3927;2827;3994;6;4226
"318";3927;2828;3994;6;4226
"319";3927;2829;2137;4;3029
"320";3927;2830;2137;4;3029
"321";3927;2831;2137;4;3029
"322";3927;2832;0;3;3029
"323";3927;2833;41427;6;135764
"324";3927;2834;3994;6;5745
"325";3927;2835;3994;6;5745
"326";3927;2836;3994;6;4226
"327";3927;2837;3994;6;4226
"328";3927;2838;3994;6;4226
"329";3927;2839;3994;6;4226
"330";3927;2840;3994;6;4226
"331";3927;2841;3994;6;4226
"332";3927;2842;3994;6;4226
"333";3927;2843;3994;6;4226
"334";3927;2844;2137;4;3029
"335";3927;2845;2137;4;3029
"336";3927;2846;2137;3;3029
"337";3927;2847;0;3;3029
"338";3927;2848;0;3;3029
"339";3927;2849;41427;6;135764
"340";3927;2850;3994;6;5745
"341";3927;2851;2137;3;3029
"342";3927;2852;2137;3;3029
"343";3927;2853;2137;3;3029
"344";3927;2854;3994;6;135764
"345";3927;2855;3994;6;135764
"346";3927;2856;3994;6;5745
"347";3927;2857;3994;6;5745
"348";3927;2858;2137;4;3029
"349";3927;2859;2137;4;3029
"350";3927;2860;3994;6;4226
"351";3927;2861;3994;6;4226
"352";3927;2862;3994;6;4226
"353";3927;2863;41427;6;135764
"354";3927;2864;2137;4;3029
"355";3927;2865;2137;4;3029
"356";3927;2866;2137;4;3029
"357";3927;2867;2137;4;3029
"358";3927;2868;2137;4;3029
"359";3927;2869;2137;4;3029
"360";3927;2870;2137;4;3029
"361";3927;2871;2137;4;3029
"362";3927;2872;3994;6;5745
"363";3927;2873;3994;6;5745
"364";3927;2874;3994;6;135764
"365";3927;2875;3994;6;135764
"366";3927;2876;3994;6;5745
"367";3927;2877;3994;6;135764
"368";3927;2878;3994;6;135764
"369";3927;2879;3994;6;5745
"370";3927;2880;3994;6;5745
"371";3927;2881;3994;6;5745
"372";3927;2882;2137;3;3029
"373";3085;3235;1225;1;7547
"374";3085;3236;1093;1;7547
"375";3085;3237;1093;1;7547
"376";3085;3238;1093;1;7547
"377";3085;3239;1093;1;7547
"378";3085;3240;1093;1;7547
"379";3085;3241;189;1;396
"380";3085;3242;2722;2;7547
"381";3085;3243;1225;1;7547
"382";3085;3244;1225;1;7547
"383";3085;3245;1225;1;7547
"384";3085;3246;1093;1;7547
"385";3085;3247;1093;1;7547
"386";3085;3248;1093;1;7547
"387";3085;3249;189;1;214
"388";3085;3250;33;1;35
"389";3085;3251;33;1;35
"390";3085;3252;1093;1;7547
"391";3085;3253;1093;1;7547
"392";3085;3254;189;1;396
"393";3085;3255;189;1;396
"394";3085;3256;189;1;396
"395";3085;3257;189;1;396
"396";3085;3258;189;1;214
"397";3085;3259;1225;2;7547
"398";3085;3260;1225;2;7547
"399";3085;3261;1093;1;7547
"400";3085;3262;1093;1;7547
"401";3085;3263;1093;1;7547
"402";3085;3264;1093;1;7547
"403";3085;3265;1093;1;7547
"404";3085;3266;1093;1;7547
"405";3085;3267;1093;1;7547
"406";3085;3268;189;1;214
"407";3085;3269;1225;2;7547
"408";3085;3270;1093;1;7547
"409";3085;3271;189;1;396
"410";3085;3272;1093;1;7547
"411";3085;3273;1093;1;7547
"412";3085;3274;1093;1;7547
"413";3085;3275;1093;1;7547
"414";3085;3276;189;1;396
"415";3085;3277;189;1;396
"416";3085;3278;189;1;396
"417";3085;3279;189;1;396
"418";3085;3280;2722;2;23088
"419";3085;3281;1093;1;7547
"420";3085;3282;1093;1;7547
"421";3085;3283;1225;2;7547
"422";3085;3284;1225;2;7547
"423";3085;3285;1093;1;7547
"424";3085;3286;1093;1;7547
"425";3085;3287;1225;2;7547
"426";3085;3288;1093;1;7547
"427";3085;3289;1093;1;7547
"428";3085;3290;2722;2;23088
"429";3085;3291;1093;1;7547
"430";3085;3292;1093;1;7547
"431";3085;3293;1225;1;7547
"432";3085;3294;1225;1;7547
"433";3085;3295;1225;1;7547
"434";3085;3296;1225;1;7547
"435";3085;3297;1225;1;7547
"436";3085;3298;1093;1;7547
"437";3085;3299;189;1;7547
"438";3085;3300;189;1;7547
"439";3085;3301;189;1;214
"440";3085;3302;189;1;214
"441";3085;3303;33;1;35
"442";3085;3304;33;1;35
"443";3085;3305;1460;2;7547
"444";3085;3306;1460;2;7547
"445";3085;3307;1225;2;7547
"446";3085;3308;1225;2;7547
"447";3085;3309;1225;1;7547
"448";3085;3310;1225;1;7547
"449";3085;3311;1225;1;7547
"450";3085;3312;1093;1;7547
"451";3085;3313;1093;1;7547
"452";3085;3314;189;1;7547
"453";3085;3315;189;1;7547
"454";3085;3316;189;1;7547
"455";3085;3317;189;1;7547
"456";3085;3318;189;1;396
"457";3085;3319;189;1;214
"458";3085;3320;189;1;214
"459";3085;3321;189;1;214
"460";3085;3322;189;1;214
"461";3085;3323;33;1;35
"462";3085;3324;33;1;35
"463";3085;3325;33;1;35
"464";3085;3326;33;1;35
"465";3085;3327;228540;2;292594
"466";3085;3328;1093;1;7547
"467";3085;3329;189;1;7547
"468";3085;3330;1093;1;7547
"469";3085;3331;1093;1;7547
"470";3085;3332;1093;1;7547
"471";3085;3333;1093;1;7547
"472";3085;3334;1093;1;7547
"473";3085;3335;1093;1;7547
"474";3085;3336;1093;1;7547
"475";3085;3337;1093;1;7547
"476";3085;3338;1093;1;7547
"477";3085;3339;189;1;214
"478";3085;3340;189;1;214
"479";3085;3341;1093;1;7547
"480";3085;3342;1093;1;7547
"481";3085;3343;189;1;396
"482";3085;3344;189;1;396
"483";3085;3345;189;1;396
"484";3085;3346;189;1;396
"485";3085;3347;189;1;396
"486";3085;3348;189;1;214
"487";3085;3349;189;1;214
"488";3085;3350;189;1;214
"489";3085;3351;228540;2;292594
"490";3085;3352;1093;1;7547
"491";3085;3353;228540;2;292594
"492";3085;3354;1225;1;7547
"493";3085;3355;1093;1;7547
"494";3085;3356;1093;1;7547
"495";3085;3357;1093;1;7547
"496";3085;3358;1093;1;7547
"497";3085;3359;1093;1;7547
"498";3085;3360;2722;2;7547
"499";3085;3361;1225;2;7547
"500";3085;3362;1093;1;7547
"501";3085;3363;1093;1;7547
"502";3085;3364;1093;1;7547
"503";3085;3365;3862;2;24164
"504";3085;3366;1093;1;7547
"505";3085;3367;1093;1;7547
"506";3085;3368;1093;1;7547
"507";3085;3369;189;1;7547
"508";3085;3370;189;1;7547
"509";3085;3371;189;1;7547
"510";3085;3372;189;1;7547
"511";3085;3373;1093;1;7547
"512";3085;3374;1225;2;7547
"513";3085;3375;1225;1;7547
"514";3085;3376;1225;1;7547
"515";3085;3377;1225;1;7547
"516";3085;3378;1093;1;7547
"517";3085;3379;189;1;396
"518";3085;3380;189;1;7547
"519";3085;3381;189;1;214
"520";3085;3382;189;1;214
"521";3085;3383;189;1;396
"522";3085;3384;189;1;396
"523";3085;3385;189;1;396
"524";3085;3386;1093;1;7547
"525";3085;3387;1093;1;7547
"526";3085;3388;1093;1;7547
"527";3085;3389;1225;2;7547
"528";3085;3390;189;1;214
"529";3085;3391;6448;2;24164
"530";3085;3392;1225;2;7547
"531";3085;3393;1093;1;7547
"532";3085;3394;1093;1;7547
"533";3085;3395;1093;1;7547
"534";3085;3396;1093;1;7547
"535";3085;3397;1093;1;7547
"536";3085;3398;1093;1;7547
"537";3085;3399;189;1;214
"538";3085;3400;1093;1;7547
"539";3085;3401;1093;1;7547
"540";3085;3402;189;1;7547
"541";3085;3403;2722;2;7547
"542";3085;3404;189;1;7547
"543";3085;3405;6448;2;24164
"544";3584;3851;2799;2;5788
"545";3584;3852;2799;2;5788
"546";3584;3853;1475;1;5029
"547";3584;3854;1475;1;5029
"548";3584;3855;1475;1;5029
"549";3584;3856;2087;2;5788
"550";3584;3857;3825;2;6076
"551";3584;3858;3577;2;5788
"552";3584;3859;2087;2;5029
"553";3584;3860;2799;2;5788
"554";3584;3861;1475;1;5029
"555";3584;3862;1475;1;5029
"556";3584;3863;1475;1;5029
"557";3584;3864;1461;1;2705
"558";3584;3865;1461;1;2705
"559";3584;3866;2087;2;5788
"560";3584;3867;1475;1;5029
"561";3584;3868;1461;1;5029
"562";3584;3869;1461;1;2355
"563";3584;3870;1461;1;5029
"564";3584;3871;1461;1;5029
"565";3584;3872;1461;1;5029
"566";3584;3873;1461;1;5029
"567";3584;3874;2087;2;5788
"568";3584;3875;1475;1;5029
"569";3584;3876;2799;2;5788
"570";3584;3877;1461;1;5029
"571";3584;3878;7976;2;10205
"572";3584;3879;1475;1;5029
"573";3584;3880;2799;2;5788
"574";3584;3881;3577;2;5788
"575";3584;3882;2799;2;5788
"576";3584;3883;2087;2;5788
"577";3584;3884;1475;1;5029
"578";3584;3885;1475;1;5029
"579";3584;3886;1475;1;5029
"580";3584;3887;1461;1;2355
"581";3584;3888;1461;1;2355
"582";3584;3889;2087;2;5029
"583";3584;3890;1475;2;5029
"584";3584;3891;1475;1;5029
"585";3584;3892;1461;1;5029
"586";3584;3893;1461;1;5029
"587";3584;3894;1461;1;5029
"588";3584;3895;1461;1;5029
"589";3584;3896;1461;1;1450
"590";3584;3897;1461;1;1450
"591";3584;3898;1475;1;5029
"592";3584;3899;7976;2;10205
"593";3584;3900;1475;1;5029
"594";3584;3901;1461;1;5029
"595";3584;3902;1461;1;1450
"596";3584;3903;17;1;487
"597";3584;3904;17;1;487
"598";3584;3905;2087;2;5788
"599";3584;3906;2087;2;5788
"600";3584;3907;1461;1;2705
"601";3584;3908;1475;1;5029
"602";3584;3909;3577;2;5788
"603";3584;3910;1461;1;5029
"604";3584;3911;3577;2;6076
"605";3584;3912;1461;1;5029
"606";3584;3913;1461;1;5029
"607";3584;3914;1461;1;2705
"608";3584;3915;1461;1;2355
"609";3584;3916;1461;1;2355
"610";3584;3917;1475;1;5029
"611";3584;3918;2087;2;5029
"612";3584;3919;2087;2;5029
"613";3584;3920;1461;1;5029
"614";3584;3921;1461;1;5029
"615";3584;3922;1475;2;5029
"616";3584;3923;1461;1;5029
"617";3584;3924;1461;1;5029
"618";3584;3925;1461;1;5029
"619";3584;3926;1461;1;5029
"620";3584;3927;1461;1;5029
"621";3584;3928;1461;1;2705
"622";3584;3929;2799;2;5788
"623";3584;3930;1461;1;2705
"624";3584;3931;1461;1;5029
"625";3584;3932;1475;1;5029
"626";3584;3933;2799;2;5788
"627";3584;3934;1475;1;5029
"628";3584;3935;2087;2;5788
"629";3584;3936;1461;1;2705
"630";3584;3937;1461;1;2705
"631";3584;3938;1475;1;5029
"632";3584;3939;1461;1;5029
"633";3584;3940;1475;1;5029
"634";3584;3941;1461;1;2705
"635";3584;3942;3577;2;5788
"636";4007;4135;13781;2;157853
"637";4007;4136;13199;2;157853
"638";4007;4137;141734;2;179649
"639";4007;4138;13781;2;157853
"640";4007;4139;13199;2;157853
"641";4007;4140;7369;2;30206
"642";4007;4141;7369;2;87183
"643";4007;4142;7369;2;30206
"644";4007;4143;7369;2;30206
"645";4007;4144;13781;2;157853
"646";4007;4145;13199;2;157853
"647";4007;4146;7369;2;87183
"648";4007;4147;141734;2;297128
"649";4007;4148;13199;2;157853
"650";4007;4149;7369;2;87183
"651";4007;4150;7369;2;87183
"652";4007;4151;7369;1;30206
"653";4007;4152;7369;1;30206
"654";4007;4153;467;1;14479
"655";4007;4154;141734;2;179649
"656";4007;4155;14455;2;157853
"657";4007;4156;7369;2;87183
"658";4007;4157;7369;2;87183
"659";4007;4158;7369;2;87183
"660";4007;4159;7369;2;87183
"661";4007;4160;7369;2;30206
"662";4007;4161;7369;1;30206
"663";4007;4162;467;1;14479
"664";4007;4163;0;0;0
"665";4007;4164;141734;2;297128
"666";4007;4165;13781;2;157853
"667";4007;4166;13199;2;157853
"668";4007;4167;13199;2;157853
"669";4007;4168;13199;2;157853
"670";4007;4169;7369;2;87183
"671";4007;4170;7369;2;30206
"672";4007;4171;7369;2;30206
"673";4007;4172;7369;2;87183
"674";4007;4173;7369;2;30206
"675";4007;4174;7369;2;30206
"676";4007;4175;13199;2;157853
"677";4007;4176;141734;2;297128
"678";4007;4177;13781;2;157853
"679";4007;4178;13781;2;157853
"680";4007;4179;7369;2;30206
"681";4007;4180;141734;3;297128
"682";4007;4181;7369;2;87183
"683";4007;4182;141734;3;297128
"684";4007;4183;13781;2;157853
"685";4007;4184;7369;2;30206
"686";4007;4185;141734;2;297128
"687";4007;4186;13199;2;157853
"688";4445;4973;93718;2;93555
"689";4445;4974;275806;2;312200
"690";4445;4975;275806;2;312200
"691";4445;4976;502999;3;510883
"692";4445;4977;3341;2;92159
"693";4445;4978;0;0;0
"694";4445;4979;3341;2;92159
"695";4445;4980;3341;2;92159
"696";4445;4981;3341;2;92159
"697";4445;4982;0;0;0
"698";4445;4983;0;0;0
"699";4445;4984;93718;2;93555
"700";4445;4985;93718;2;93555
"701";4445;4986;93718;2;93555
"702";4445;4987;93718;2;93555
"703";4445;4988;93718;2;93555
"704";4445;4989;93718;2;312200
"705";4445;4990;275806;2;312200
"706";4445;4991;502999;3;575494
"707";4445;4992;275806;2;312200
"708";4445;4993;502999;3;575494
"709";4445;4994;93718;2;312200
"710";4445;4995;502999;3;510883
"711";4445;4996;502999;3;575494
"712";4445;4997;93718;2;93555
"713";4445;4998;0;2;3878
"714";4445;4999;93718;2;93555
"715";4445;5000;93718;2;93555
"716";4445;5001;93718;2;93555
"717";4445;5002;3341;2;10024
"718";4445;5003;3341;2;10024
"719";4445;5004;3341;2;10024
"720";4445;5005;0;2;3878
"721";4445;5006;0;2;3878
"722";4445;5007;0;2;3878
"723";4445;5008;502999;3;575494
"724";4445;5009;275806;3;510883
"725";4445;5010;93718;2;93555
"726";4445;5011;93718;2;93555
"727";4445;5012;93718;2;93555
"728";4445;5013;93718;2;93555
"729";4445;5014;93718;2;93555
"730";4445;5015;3341;2;10024
"731";4445;5016;3341;2;10024
"732";4445;5017;3341;2;10024
"733";4445;5018;3341;2;10024
"734";4445;5019;3341;2;10024
"735";4445;5020;3341;2;10024
"736";4445;5021;275806;2;312200
"737";4445;5022;502999;3;510883
"738";4445;5023;0;2;3878
"739";4445;5024;0;2;3878
"740";4445;5025;93718;2;93555
"741";4445;5026;93718;2;93555
"742";4445;5027;0;2;3878
"743";4445;5028;0;2;3878
"744";4445;5029;0;2;3878
"745";4445;5030;502999;3;575494
"746";4445;5031;502999;3;575494
"747";4445;5032;93718;2;98709
"748";4445;5033;502999;3;575494
"749";4445;5034;502999;3;510883
"750";4445;5035;502999;3;575494
"751";4445;5036;502999;3;510883
"752";4445;5037;502999;3;575494
"753";4445;5038;502999;3;575494
"754";4445;5039;502999;3;575494
"755";4445;5040;502999;3;575494
"756";4445;5041;3341;2;10024
"757";4445;5042;502999;3;575494
"758";4445;5043;502999;3;575494
"759";4445;5044;275806;2;312200
"760";4445;5045;502999;3;575494
"761";4445;5046;502999;3;510883
"762";4445;5047;502999;3;575494
"763";4445;5048;502999;3;575494
"764";4445;5049;502999;3;575494
"765";4445;5050;502999;3;510883
"766";4445;5051;502999;3;575494
"767";4614;5151;12097;3;37241
"768";4614;5152;996;1;1032
"769";4614;5153;996;1;1032
"770";4614;5154;10;1;884
"771";4614;5155;12097;3;37241
"772";4614;5156;12097;3;37241
"773";4614;5157;12097;3;37241
"774";4614;5158;996;1;1032
"775";4614;5159;996;1;1032
"776";4614;5160;10;1;884
"777";4614;5161;996;1;1032
"778";4614;5162;996;1;1032
"779";4614;5163;996;1;1032
"780";4614;5164;996;1;1032
"781";4614;5165;10;1;884
"782";4614;5166;10;1;884
"783";4614;5167;10;1;884
"784";4614;5168;12097;3;37241
"785";4614;5169;996;2;21819
"786";4614;5170;996;2;21819
"787";4614;5171;996;1;1032
"788";4614;5172;996;1;1032
"789";4614;5173;10;1;884
"790";4614;5174;996;1;1032
"791";4614;5175;996;1;1032
"792";4614;5176;996;1;1032
"793";4614;5177;996;1;1032
"794";4614;5178;10;1;884
"795";4614;5179;10;1;884
"796";4614;5180;10;1;884
"797";4614;5181;996;1;1032
"798";4614;5182;996;1;1032
"799";4614;5183;10;1;884
"800";4614;5184;10;1;884
"801";4614;5185;996;1;1032
"802";4614;5186;996;1;1032
"803";4614;5187;996;1;1032
"804";4614;5188;996;1;1032
"805";4614;5189;996;1;1032
"806";4614;5190;996;1;1032
"807";4614;5191;10;1;884
"808";4614;5192;10;1;884
"809";4614;5193;10;1;884
"810";4614;5194;10;1;884
"811";4614;5195;996;2;21819
"812";4867;5344;364;2;400
"813";4867;5345;1340;2;1625
"814";4867;5346;1340;2;1625
"815";4867;5347;9;2;121
"816";4867;5348;9;2;121
"817";4867;5349;9;2;121
"818";4867;5350;9;2;11
"819";4867;5351;364;2;400
"820";4867;5352;364;2;400
"821";4867;5353;364;2;400
"822";4867;5354;364;2;400
"823";4867;5355;9;2;11
"824";4867;5356;9;2;11
"825";4867;5357;364;2;400
"826";4867;5358;2722;5;5590
"827";4867;5359;364;2;400
"828";4867;5360;364;2;400
"829";4867;5361;848;2;1149
"830";4867;5362;2722;5;5590
"831";4867;5363;9;2;121
"832";4867;5364;9;2;121
"833";4867;5365;9;2;121
"834";4867;5366;9;2;11
"835";4867;5367;9;2;11
"836";4867;5368;0;0;0
"837";4867;5369;364;2;400
"838";4867;5370;9;2;11
"839";4867;5371;9;2;11
"840";4867;5372;9;2;11
"841";4867;5373;9;2;11
"842";4867;5374;9;2;11
"843";4867;5375;9;2;121
"844";4867;5376;9;2;121
"845";4867;5377;9;2;121
"846";4867;5378;9;2;121
"847";4867;5379;9;2;121
"848";4867;5380;9;2;11
"849";4867;5381;9;2;11
"850";4867;5382;9;2;11
"851";4867;5383;9;2;11
"852";4867;5384;9;2;11
"853";4867;5385;9;2;11
"854";4867;5386;9;2;11
"855";4867;5387;9;2;11
"856";4867;5388;9;2;11
"857";4867;5389;9;2;11
"858";4867;5390;0;0;0
"859";4867;5391;0;0;0
"860";4867;5392;364;2;400
"861";4867;5393;364;2;400
"862";4867;5394;364;2;400
"863";4867;5395;1340;2;1625
"864";4867;5396;848;2;1149
"865";4867;5397;364;2;400
"866";4867;5398;364;2;400
"867";4867;5399;364;2;400
"868";4867;5400;364;2;400
"869";4867;5401;364;2;400
"870";4867;5402;1340;4;3446
"871";4867;5403;1340;2;1625
"872";4867;5404;1340;4;4557
"873";4867;5405;364;2;400
"874";4867;5406;364;2;400
"875";4867;5407;364;2;400
"876";4867;5408;364;2;400
"877";4867;5409;364;2;400
"878";4867;5410;364;2;400
"879";4867;5411;848;2;1149
"880";4867;5412;364;2;400
"881";4867;5413;364;2;400
"882";4867;5414;1340;4;3446
"883";4867;5415;2722;5;5590
"884";4867;5416;2722;5;5590
"885";4867;5417;2722;5;5590
"886";4867;5418;364;2;1088
"887";4867;5419;364;2;1088
"888";4867;5420;364;2;1088
"889";4867;5421;364;2;400
"890";4867;5422;364;2;400
"891";4867;5423;364;2;400
"892";4867;5424;364;2;400
"893";4867;5425;364;2;400
"894";4867;5426;364;2;400
"895";4867;5427;364;2;400
"896";4867;5428;364;2;400
"897";4867;5429;119;2;273
"898";4867;5430;119;2;273
"899";4867;5431;119;2;273
"900";4867;5432;9;2;18
"901";4867;5433;9;2;18
"902";4867;5434;9;2;18
"903";4867;5435;9;2;11
"904";4867;5436;9;2;11
"905";4867;5437;9;2;11
"906";4867;5438;9;2;11
"907";4867;5439;119;2;273
"908";4867;5440;119;2;273
"909";4867;5441;119;2;273
"910";4867;5442;119;2;273
"911";4867;5443;119;2;273
"912";4867;5444;9;2;18
"913";4867;5445;9;2;18
"914";4867;5446;9;2;18
"915";4867;5447;9;2;18
"916";4867;5448;9;2;18
"917";4867;5449;9;2;18
"918";4867;5450;9;2;18
"919";4867;5451;9;2;18
"920";4867;5452;9;2;18
"921";4867;5453;9;2;18
"922";4867;5454;9;2;18
"923";4867;5455;9;2;11
"924";4867;5456;9;2;11
"925";4867;5457;9;2;11
"926";4867;5458;9;2;11
"927";4867;5459;9;2;11
"928";4867;5460;9;2;11
"929";4867;5461;9;2;11
"930";4867;5462;9;2;11
"931";4867;5463;9;2;11
"932";4867;5464;9;2;11
"933";4867;5465;9;2;11
"934";4867;5466;9;2;11
"935";4867;5467;9;2;11
"936";4867;5468;9;2;11
"937";4867;5469;9;2;11
"938";4867;5470;9;2;11
"939";4867;5471;9;2;11
"940";4867;5472;9;2;11
"941";4867;5473;9;2;11
"942";4867;5474;9;2;11
"943";4867;5475;9;2;11
"944";4867;5476;9;2;11
"945";4867;5477;1340;4;3446
"946";4867;5478;848;2;1149
"947";4867;5479;364;2;1088
"948";4867;5480;364;2;1088
"949";4867;5481;364;2;400
"950";4867;5482;364;2;400
"951";4867;5483;364;2;400
"952";4867;5484;9;2;18
"953";4867;5485;9;2;18
"954";4867;5486;9;2;18
"955";4867;5487;9;2;18
"956";4867;5488;9;2;18
"957";4867;5489;9;2;18
"958";4867;5490;9;2;18
"959";4867;5491;9;2;18
"960";4867;5492;9;2;18
"961";4867;5493;9;2;18
"962";4867;5494;9;2;18
"963";4867;5495;9;2;18
"964";4867;5496;9;2;18
"965";4867;5497;9;2;11
"966";4867;5498;9;2;11
"967";4867;5499;9;2;11
"968";4867;5500;9;2;11
"969";4867;5501;9;2;11
"970";4867;5502;9;2;11
"971";4867;5503;1340;4;1625
"972";4867;5504;1340;4;3446
"973";4867;5505;364;2;400
"974";4867;5506;848;2;1149
"975";4867;5507;1340;4;2306
"976";4867;5508;848;2;1149
"977";4867;5509;848;2;1149
"978";4867;5510;848;2;1149
"979";4867;5511;364;2;400
"980";4867;5512;364;2;400
"981";4867;5513;364;2;400
"982";4867;5514;364;2;400
"983";4867;5515;9;2;11
"984";4867;5516;9;2;11
"985";4867;5517;848;2;1149
"986";4867;5518;848;2;1149
"987";4867;5519;1340;2;1625
"988";4867;5520;364;2;400
"989";4867;5521;9;2;11
"990";4867;5522;364;2;400
"991";4867;5523;364;2;400
"992";4867;5524;364;2;400
"993";4867;5525;364;2;400
"994";4867;5526;364;2;400
"995";4867;5527;119;2;273
"996";4867;5528;1340;4;3446
"997";4867;5529;119;2;273
"998";4867;5530;119;2;273
"999";4867;5531;119;2;273
"1000";4867;5532;119;2;273
"1001";4867;5533;9;2;11
"1002";4867;5534;9;2;11
"1003";4867;5535;9;2;11
"1004";4867;5536;9;2;11
"1005";4867;5537;9;2;11
"1006";4867;5538;119;2;273
"1007";4867;5539;9;2;11
"1008";4867;5540;9;2;11
"1009";4867;5541;9;2;11
"1010";4867;5542;1340;4;4557
"1011";4867;5543;119;2;273
"1012";4936;5644;25188;3;47778
"1013";4936;5645;5973;2;44169
"1014";4936;5646;25188;2;47778
"1015";4936;5647;3199;1;44169
"1016";4936;5648;0;0;0
"1017";4936;5649;25188;3;47778
"1018";4936;5650;3199;1;44169
"1019";4936;5651;3199;1;44169
"1020";4936;5652;3199;1;44169
"1021";4936;5653;25188;3;52259
"1022";4936;5654;5973;2;44169
"1023";4936;5655;25188;3;47778
"1024";4936;5656;25188;3;47778
"1025";4936;5657;25188;2;47778
"1026";4936;5658;25188;2;47778
"1027";4936;5659;3199;1;44169
"1028";4936;5660;3199;1;44169
"1029";4936;5661;25188;3;47778
"1030";4936;5662;25188;3;47778
"1031";4936;5663;25188;2;47778
"1032";4936;5664;25188;2;47778
"1033";4936;5665;25188;2;47778
"1034";4936;5666;25188;2;47778
"1035";4936;5667;25188;2;47778
"1036";4936;5668;25188;2;47778
"1037";4936;5669;25188;2;47778
"1038";4936;5670;25188;3;47778
"1039";4936;5671;25188;3;47778
"1040";4936;5672;25188;2;47778
"1041";4936;5673;3199;1;44169
"1042";4936;5674;3199;1;44169
"1043";4936;5675;3199;1;44169
"1044";4936;5676;3199;1;44169
"1045";4936;5677;3199;1;44169
"1046";4936;5678;3199;1;44169
"1047";4936;5679;25188;3;47778
"1048";4936;5680;25188;3;47778
"1049";4936;5681;25188;3;47778
"1050";4936;5682;25188;3;47778
"1051";4936;5683;25188;3;47778
"1052";4936;5684;3199;1;44169
"1053";4936;5685;3199;2;44169
"1054";4936;5686;25188;2;47778
"1055";4936;5687;25188;3;47778
"1056";4936;5688;25188;2;47778
"1057";4936;5689;5973;2;44169
"1058";4936;5690;25188;3;47778
"1059";7858;7649;37011;3;386275
"1060";7858;7650;37011;3;386275
"1061";7858;7651;37011;3;386275
"1062";7858;7652;37011;3;386275
"1063";7858;7653;1325;3;6691
"1064";7858;7654;37011;3;386275
"1065";7858;7655;37011;3;386275
"1066";7858;7656;37011;3;386275
"1067";7858;7657;37011;3;386275
"1068";7858;7658;37011;3;386275
"1069";7858;7659;37011;3;386275
"1070";7858;7660;37011;3;386275
"1071";7858;7661;37011;3;386275
"1072";7858;7662;37011;3;386275
"1073";7858;7663;0;0;0
"1074";7858;7664;37011;3;386275
"1075";7858;7665;37011;3;386275
"1076";7858;7666;37011;3;386275
"1077";7858;7667;37011;3;386275
"1078";7858;7668;37011;3;386275
"1079";7858;7669;37011;3;386275
"1080";7858;7670;37011;3;386275
"1081";7858;7671;37011;3;386275
"1082";7858;7672;37011;3;386275
"1083";7858;7673;37011;3;386275
"1084";7858;7674;37011;3;386275
"1085";7858;7675;37011;3;386275
"1086";7858;7676;37011;3;386275
"1087";7858;7677;37011;3;386275
"1088";7858;7678;37011;3;386275
"1089";7858;7679;37011;3;386275
"1090";7858;7680;37011;3;386275
"1091";7858;7681;37011;3;386275
"1092";7858;7682;37011;3;386275
"1093";7858;7683;0;0;0
"1094";7858;7684;1325;3;6691
"1095";7858;7685;1325;3;6691
"1096";7858;7686;1325;3;6691
"1097";7858;7687;1325;3;6691
"1098";7858;7688;37011;3;386275
"1099";7858;7689;0;0;0
"1100";7858;7690;37011;3;94635
"1101";11187;9416;51586;2;51586
"1102";11187;9417;5464;2;15544
"1103";11187;9418;5464;2;15544
"1104";11187;9419;822;2;1598
"1105";11187;9420;51586;2;51586
"1106";11187;9421;5464;2;15544
"1107";11187;9422;5464;2;15544
"1108";11187;9423;822;2;1598
"1109";11187;9424;0;2;1598
"1110";11187;9425;0;2;1598
"1111";11187;9426;51586;2;51586
"1112";11187;9427;51586;2;51586
"1113";11187;9428;5464;2;15544
"1114";11187;9429;5464;2;15544
"1115";11187;9430;5464;2;15544
"1116";11187;9431;5464;2;15544
"1117";11187;9432;822;2;1598
"1118";11187;9433;822;2;1598
"1119";11187;9434;822;2;1598
"1120";11187;9435;0;2;1598
"1121";11187;9436;51586;2;51586
"1122";11187;9437;5464;2;15544
"1123";11187;9438;51586;2;75238
"1124";11187;9439;5464;2;15544
"1125";11187;9440;5464;2;15544
"1126";11187;9441;822;2;1598
"1127";11187;9442;0;2;1598
"1128";11187;9443;0;2;1598
"1129";11187;9444;51586;2;51586
"1130";11187;9445;51586;2;51586
"1131";11187;9446;51586;2;51586
"1132";11187;9447;51586;2;51586
"1133";11187;9448;5464;2;15544
"1134";11187;9449;5464;2;15544
"1135";11187;9450;5464;2;15544
"1136";11187;9451;5464;2;15544
"1137";11187;9452;822;2;1598
"1138";11187;9453;822;2;1598
"1139";11187;9454;822;2;1598
"1140";11187;9455;0;2;1598
"1141";11187;9456;0;2;1598
"1142";11187;9457;0;2;1598
"1143";11187;9458;0;2;1598
"1144";11187;9459;51586;2;51586
"1145";11187;9460;51586;2;51586
"1146";11187;9461;51586;2;51586
"1147";11187;9462;5464;2;15544
"1148";11187;9463;5464;2;15544
"1149";11187;9464;822;2;1598
"1150";11187;9465;822;2;1598
"1151";11187;9466;822;2;1598
"1152";11187;9467;822;2;1598
"1153";11187;9468;5464;2;15544
"1154";11187;9469;822;2;1598
"1155";11187;9470;0;2;1598
"1156";11187;9471;0;2;1598
"1157";11187;9472;51586;2;51586
"1158";11187;9473;5464;2;15544
"1159";11187;9474;5464;2;15544
"1160";11187;9475;51586;2;75238
"1161";11187;9476;51586;2;75238
"1162";11187;9477;51586;2;75238
"1163";11187;9478;5464;2;15544
"1164";11187;9479;5464;2;15544
"1165";11187;9480;5464;2;15544
"1166";11187;9481;5464;2;15544
"1167";11187;9482;5464;2;15544
"1168";11389;9591;1404;2;11568
"1169";11389;9592;1404;2;11865
"1170";11389;9593;1404;2;11568
"1171";11389;9594;1404;2;11568
"1172";11389;9595;1404;2;11568
"1173";11389;9596;1404;2;11568
"1174";11389;9597;1404;2;11568
"1175";11389;9598;1404;2;11568
"1176";11389;9599;2;1;2
"1177";11389;9600;2;1;2
"1178";11389;9601;2;1;2
"1179";11389;9602;1404;2;11865
"1180";11389;9603;1404;2;11568
"1181";11389;9604;1404;2;11568
"1182";11389;9605;1404;2;11568
"1183";11389;9606;1404;2;11568
"1184";11389;9607;1404;2;11865
"1185";11389;9608;1404;2;11865
"1186";11389;9609;1404;2;11865
"1187";11389;9610;1404;2;11865
"1188";11389;9611;1404;2;11568
"1189";11389;9612;1404;2;11568
"1190";11389;9613;1404;2;11568
"1191";11389;9614;1404;2;11568
"1192";11389;9615;1404;2;11568
"1193";11389;9616;1404;2;11568
"1194";11389;9617;690;2;10205
"1195";11389;9618;2;2;3080
"1196";11389;9619;2;2;3080
"1197";11389;9620;2;2;3080
"1198";11389;9621;0;1;2
"1199";11389;9622;0;1;2
"1200";11389;9623;0;1;2
"1201";11389;9624;1404;2;11865
"1202";11389;9625;1404;2;11568
"1203";11389;9626;1404;2;11568
"1204";11389;9627;1404;2;11568
"1205";11389;9628;1404;2;11568
"1206";11389;9629;1404;2;11568
"1207";11389;9630;1404;2;11568
"1208";11389;9631;2;2;3080
"1209";11389;9632;2;2;3080
"1210";11389;9633;2;2;3080
"1211";11389;9634;2;2;3080
"1212";11389;9635;2;2;3080
"1213";11389;9636;1404;2;11568
"1214";11389;9637;1404;2;11568
"1215";11389;9638;1404;2;11568
"1216";11389;9639;1404;2;11568
"1217";11389;9640;1404;2;11568
"1218";11389;9641;1404;2;11568
"1219";11389;9642;1404;2;11568
"1220";11389;9643;0;1;2
"1221";11389;9644;0;1;2
"1222";11389;9645;0;1;2
"1223";11389;9646;0;1;2
"1224";11389;9647;0;1;2
"1225";11389;9648;1404;2;11568
"1226";11389;9649;1404;2;11568
"1227";11389;9650;1404;2;11568
"1228";11389;9651;1404;2;11568
"1229";11389;9652;1404;2;11568
"1230";11389;9653;1404;2;11568
"1231";11389;9654;1404;2;11568
"1232";11389;9655;1404;2;11568
"1233";11389;9656;1404;2;11568
"1234";11389;9657;1404;2;11568
"1235";11389;9658;1404;2;11568
"1236";11389;9659;2;2;3080
"1237";12053;9957;19446;3;181558
"1238";12053;9958;11;2;16396
"1239";12053;9959;13193;3;44434
"1240";12053;9960;13193;3;44434
"1241";12053;9961;20069;3;181558
"1242";12053;9962;20069;3;181558
"1243";12053;9963;19446;3;181558
"1244";12053;9964;19446;3;181558
"1245";12053;9965;19446;3;181558
"1246";12053;9966;1242;3;16396
"1247";12053;9967;0;1;4
"1248";12053;9968;20069;3;181558
"1249";12053;9969;20069;3;181558
"1250";12053;9970;1242;3;16396
"1251";12053;9971;1242;3;16396
"1252";12053;9972;20069;3;181558
"1253";12053;9973;20069;3;181558
"1254";12053;9974;20069;3;181558
"1255";12053;9975;19446;3;181558
"1256";12053;9976;19446;3;181558
"1257";12053;9977;13193;3;44434
"1258";12053;9978;13193;3;44434
"1259";12053;9979;1242;3;16396
"1260";12053;9980;1242;3;16396
"1261";12053;9981;11;2;16396
"1262";12053;9982;11;2;16396
"1263";12053;9983;11;2;16396
"1264";12053;9984;11;2;16396
"1265";12053;9985;0;1;4
"1266";12053;9986;0;1;4
"1267";12053;9987;20069;3;181558
"1268";12053;9988;20069;3;181558
"1269";12053;9989;13193;3;44434
"1270";12053;9990;13193;3;44434
"1271";12053;9991;20069;3;181558
"1272";12053;9992;13193;3;44434
"1273";12053;9993;13193;3;44434
"1274";12053;9994;13193;3;44434
"1275";12053;9995;20069;3;181558
"1276";12053;9996;11;2;16396
"1277";12053;9997;20069;3;181558
"1278";12053;9998;19446;3;181558
"1279";12053;9999;19446;3;181558
"1280";12053;10000;19446;3;181558
"1281";12053;10001;19446;3;181558
"1282";12053;10002;10742;3;18466
"1283";12053;10003;0;2;659
"1284";12053;10004;20069;3;181558
"1285";12053;10005;20069;3;181558
"1286";12053;10006;20069;3;181558
"1287";12053;10007;19446;3;181558
"1288";12053;10008;19446;3;181558
"1289";12053;10009;13193;3;44434
"1290";12053;10010;13193;3;44434
"1291";12053;10011;13193;3;44434
"1292";12053;10012;10742;3;18466
"1293";12053;10013;10742;3;18466
"1294";12053;10014;10742;3;18466
"1295";12053;10015;10742;3;18466
"1296";12053;10016;1242;3;16396
"1297";12053;10017;1242;3;16396
"1298";12053;10018;1242;3;16396
"1299";12053;10019;1242;3;16396
"1300";12053;10020;11;2;16396
"1301";12053;10021;11;2;16396
"1302";12053;10022;0;2;659
"1303";12053;10023;0;2;659
"1304";12053;10024;0;2;659
"1305";12053;10025;0;2;659
"1306";12053;10026;20069;3;181558
"1307";12053;10027;20069;3;181558
"1308";12053;10028;19446;3;181558
"1309";12053;10029;10742;3;18466
"1310";12053;10030;10742;3;18466
"1311";12053;10031;10742;3;18466
"1312";12053;10032;10742;3;18466
"1313";12053;10033;11;2;16396
"1314";12053;10034;11;2;16396
"1315";12053;10035;11;2;16396
"1316";12053;10036;11;2;16396
"1317";12053;10037;11;2;16396
"1318";12053;10038;11;2;16396
"1319";12053;10039;20069;3;181558
"1320";12053;10040;20069;3;181558
"1321";12053;10041;20069;3;181558
"1322";12053;10042;19446;3;181558
"1323";12053;10043;20069;3;181558
"1324";12053;10044;20069;3;181558
"1325";12053;10045;20069;3;181558
"1326";12053;10046;20069;3;181558
"1327";12053;10047;20069;3;181558
"1328";12053;10048;20069;3;181558
"1329";12053;10049;20069;3;181558
"1330";12053;10050;20069;3;181558
"1331";12053;10051;13193;3;44434
"1332";12053;10052;13193;3;44434
"1333";12053;10053;13193;3;44434
"1334";12053;10054;0;2;659
"1335";12053;10055;0;2;659
"1336";12053;10056;20069;3;181558
"1337";12053;10057;20069;3;181558
"1338";12053;10058;20069;3;181558
"1339";12053;10059;20069;3;181558
"1340";12053;10060;20069;3;181558
"1341";12053;10061;1242;3;16396
"1342";12053;10062;1242;3;16396
"1343";12053;10063;1242;3;16396
"1344";12053;10064;1242;3;16396
"1345";12053;10065;1242;3;16396
"1346";12053;10066;1242;3;16396
"1347";12053;10067;11;2;16396
"1348";12053;10068;0;2;659
"1349";12053;10069;0;2;659
"1350";12053;10070;20069;3;181558
"1351";12053;10071;20069;3;181558
"1352";12053;10072;19446;3;181558
"1353";12053;10073;20069;3;181558
"1354";12053;10074;20069;3;181558
"1355";12053;10075;20069;3;181558
"1356";12053;10076;19446;3;181558
"1357";12053;10077;19446;3;181558
"1358";12053;10078;20069;3;181558
"1359";12053;10079;13193;3;44434
"1360";12053;10080;13193;3;44434
"1361";12053;10081;13193;3;44434
"1362";12053;10082;20069;3;181558
"1363";12053;10083;10742;3;18466
"1364";12053;10084;10742;3;18466
"1365";12053;10085;10742;3;18466
"1366";12053;10086;26585;3;181558
"1367";12053;10087;20069;3;181558
"1368";12053;10088;10742;3;18466
"1369";12547;10120;41511;3;43090
"1370";12547;10121;41511;3;47259
"1371";12547;10122;41511;3;43090
"1372";12547;10123;37992;3;41428
"1373";12547;10124;37992;3;41428
"1374";12547;10125;37992;3;41428
"1375";12547;10126;356;3;7960
"1376";12547;10127;41511;3;43090
"1377";12547;10128;41511;3;43090
"1378";12547;10129;41511;3;43090
"1379";12547;10130;41511;3;43090
"1380";12547;10131;41511;3;43090
"1381";12547;10132;37992;3;41428
"1382";12547;10133;41511;3;43090
"1383";12547;10134;41511;3;43090
"1384";12547;10135;37992;3;41428
"1385";12547;10136;37992;3;41428
"1386";12547;10137;37992;3;41428
"1387";12547;10138;37992;3;41428
"1388";12547;10139;37992;3;41428
"1389";12547;10140;37992;3;41428
"1390";12547;10141;37992;3;41428
"1391";12547;10142;356;3;2900
"1392";12547;10143;0;1;294
"1393";12547;10144;41511;3;43090
"1394";12547;10145;41511;3;43090
"1395";12547;10146;41511;3;43090
"1396";12547;10147;41511;3;43090
"1397";12547;10148;41511;3;43090
"1398";12547;10149;37992;3;41428
"1399";12547;10150;37992;3;41428
"1400";12547;10151;37992;3;41428
"1401";12547;10152;37992;3;41428
"1402";12547;10153;37992;3;41428
"1403";12547;10154;37992;3;41428
"1404";12547;10155;144;1;294
"1405";12547;10156;144;1;294
"1406";12547;10157;41511;3;47259
"1407";12547;10158;144;1;294
"1408";12547;10159;0;1;294
"1409";12547;10160;41511;3;43090
"1410";12547;10161;41511;3;43090
"1411";12547;10162;41511;3;43090
"1412";12547;10163;37992;3;41428
"1413";12547;10164;37992;3;41428
"1414";12547;10165;37992;3;41428
"1415";12547;10166;37992;3;41428
"1416";12547;10167;37992;3;41428
"1417";12547;10168;41511;3;43090
"1418";12547;10169;41511;3;43090
"1419";12547;10170;356;3;2900
"1420";12547;10171;356;3;2900
"1421";12547;10172;356;3;2900
"1422";12547;10173;37992;3;41428
"1423";12547;10174;41511;3;43090
"1424";12547;10175;37992;3;41428
"1425";12547;10176;41511;3;43090
"1426";12547;10177;41511;3;47259
"1427";12547;10178;41511;3;43090
"1428";12547;10179;37992;3;41428
"1429";12547;10180;37992;3;41428
"1430";12547;10181;37992;3;41428
"1431";12547;10182;37992;3;41428
"1432";12547;10183;41511;3;43090
"1433";13079;10349;15962;3;23073
"1434";13079;10350;5214;3;21123
"1435";13079;10351;1865;3;3157
"1436";13079;10352;1865;3;3157
"1437";13079;10353;1865;2;2705
"1438";13079;10354;15962;3;23073
"1439";13079;10355;5214;3;4505
"1440";13079;10356;5214;3;4505
"1441";13079;10357;5214;3;4505
"1442";13079;10358;43130;3;249242
"1443";13079;10359;15962;3;48291
"1444";13079;10360;6836;3;21123
"1445";13079;10361;1865;3;3157
"1446";13079;10362;1865;3;3157
"1447";13079;10363;1865;2;2705
"1448";13079;10364;0;0;0
"1449";13079;10365;43130;3;249242
"1450";13079;10366;5214;3;4505
"1451";13079;10367;1865;2;2705
"1452";13079;10368;1865;2;2705
"1453";13079;10369;0;0;0
"1454";13079;10370;0;0;0
"1455";13079;10371;1865;2;2705
"1456";13079;10372;1865;2;2705
"1457";13079;10373;15962;3;23073
"1458";13079;10374;1865;3;3157
"1459";13079;10375;1865;3;3157
"1460";13079;10376;20246;3;249242
"1461";13079;10377;15962;3;48291
"1462";13079;10378;18012;3;48291
"1463";13079;10379;1865;2;2705
"1464";13079;10380;1865;2;2705
"1465";13079;10381;1865;3;3157
"1466";13079;10382;15962;3;23073
"1467";13079;10383;5214;3;4505
"1468";13079;10384;5214;3;4505
"1469";13079;10385;1865;3;3157
"1470";13079;10386;1865;3;3157
"1471";13079;10387;1865;3;3157
"1472";13079;10388;1865;2;2705
"1473";13079;10389;1865;2;2705
"1474";13079;10390;6836;3;21123
"1475";13079;10391;6836;3;21123
"1476";13079;10392;5214;3;21123
"1477";13079;10393;15962;3;23073
"1478";13079;10394;5214;3;4505
"1479";13079;10395;5214;3;4505
"1480";13079;10396;1865;2;3081
"1481";13079;10397;5214;3;4505
"1482";13079;10398;1865;3;3568
"1483";13079;10399;1865;2;3081
"1484";13079;10400;1865;2;2273
"1485";13079;10401;5214;3;4505
"1486";13079;10402;5214;3;4505
"1487";13079;10403;1865;3;3157
"1488";13079;10404;1865;2;2705
"1489";13079;10405;1865;2;2273
"1490";13079;10406;1865;2;2273
"1491";13079;10407;20246;3;166682
"1492";13079;10408;15962;3;48291
"1493";13079;10409;6836;3;21123
"1494";13079;10410;6836;3;21123
"1495";13079;10411;6836;3;21123
"1496";13079;10412;6836;3;21123
"1497";13079;10413;6836;3;21123
"1498";13079;10414;5214;3;21123
"1499";13079;10415;5214;3;4505
"1500";13079;10416;5214;3;4505
"1501";13079;10417;5214;3;4505
"1502";13079;10418;5214;3;4505
"1503";13079;10419;5214;3;4505
"1504";13079;10420;1865;3;3157
"1505";13079;10421;1865;3;3157
"1506";13079;10422;1865;3;3157
"1507";13079;10423;1865;3;3157
"1508";13079;10424;1865;3;3157
"1509";13079;10425;5214;3;21123
"1510";13079;10426;5214;3;21123
"1511";13079;10427;1865;3;3157
"1512";13079;10428;1865;2;2705
"1513";13079;10429;1865;2;2705
"1514";13079;10430;1865;2;2705
"1515";13079;10431;1865;2;2705
"1516";13079;10432;1865;2;2273
"1517";13079;10433;18012;3;166682
"1518";13079;10434;6836;3;21123
"1519";13079;10435;6836;3;21123
"1520";13079;10436;43130;3;249242
"1521";13079;10437;15962;3;48291
"1522";13079;10438;6836;3;21123
"1523";13079;10439;6836;3;21123
"1524";13079;10440;6836;3;21123
"1525";13079;10441;6836;3;21123
"1526";13079;10442;1865;3;3157
"1527";13079;10443;1865;3;3157
"1528";13079;10444;1865;3;3157
"1529";13079;10445;1865;3;3157
"1530";13079;10446;15962;3;23073
"1531";13079;10447;1865;3;3157
"1532";13079;10448;1865;3;3568
"1533";13079;10449;1865;2;2705
"1534";13079;10450;1865;2;2705
"1535";13079;10451;18012;3;48291
"1536";13079;10452;1865;3;3157
"1537";13079;10453;15962;3;23073
"1538";13079;10454;6836;3;21123
"1539";13079;10455;1865;3;3157
"1540";13079;10456;1865;3;3157
"1541";13079;10457;1865;3;3157
"1542";13079;10458;1865;3;3157
"1543";13079;10459;1865;3;3157
"1544";13079;10460;1865;3;3157
"1545";13079;10461;1865;3;3157
"1546";13079;10462;1865;3;3157
"1547";13079;10463;1865;3;3157
"1548";13079;10464;1865;3;3157
"1549";13079;10465;1865;2;2273
"1550";13079;10466;1865;2;2273
"1551";13079;10467;1865;2;2273
"1552";13079;10468;1865;2;2273
"1553";13079;10469;1865;2;3081
"1554";13079;10470;1865;2;2705
"1555";13079;10471;6836;3;21123
"1556";13079;10472;1865;3;3157
"1557";13079;10473;1865;3;3157
"1558";13079;10474;1865;3;3157
"1559";13079;10475;1865;3;3157
"1560";13079;10476;1865;3;3157
"1561";13079;10477;1865;3;3157
"1562";13079;10478;1865;3;3157
"1563";13079;10479;1865;3;3157
"1564";13079;10480;1865;3;3157
"1565";13079;10481;1865;2;3081
"1566";13079;10482;1865;2;2705
"1567";13079;10483;1865;2;2705
"1568";13079;10484;1865;2;2705
"1569";13079;10485;1865;2;2705
"1570";13079;10486;1865;2;2705
"1571";13079;10487;5214;3;20169
"1572";13079;10488;1865;3;3568
"1573";13079;10489;1865;3;3568
"1574";13079;10490;15962;3;23073
"1575";13079;10491;18012;3;48291
"1576";13079;10492;6836;3;21123
"1577";13079;10493;15962;3;23073
"1578";13079;10494;1865;3;3157
"1579";15700;11011;26550;2;26798
"1580";15700;11012;2202;2;2204
"1581";15700;11013;26550;2;26798
"1582";15700;11014;2940;2;23648
"1583";15700;11015;2940;2;23648
"1584";15700;11016;2202;2;2204
"1585";15700;11017;2202;2;2204
"1586";15700;11018;2940;2;23648
"1587";15700;11019;260681;2;267703
"1588";15700;11020;2940;2;23648
"1589";15700;11021;2202;2;2204
"1590";15700;11022;11;1;11
"1591";15700;11023;0;1;9
"1592";15700;11024;2940;2;23648
"1593";15700;11025;2202;2;2204
"1594";15700;11026;2202;2;2204
"1595";15700;11027;2202;2;2204
"1596";15700;11028;2202;2;2204
"1597";15700;11029;11;1;11
"1598";15700;11030;260681;2;267703
"1599";15700;11031;26550;2;26798
"1600";15700;11032;0;1;9
"1601";15700;11033;2202;2;2204
"1602";15700;11034;2202;2;2204
"1603";15700;11035;2202;2;2204
"1604";15700;11036;2202;2;2204
"1605";15700;11037;2202;2;2204
"1606";15700;11038;2202;2;2204
"1607";15700;11039;2202;2;2204
"1608";15700;11040;2202;2;2204
"1609";15700;11041;2202;2;2204
"1610";15700;11042;2202;2;2204
"1611";15700;11043;2202;2;2204
"1612";15700;11044;11;1;11
"1613";15700;11045;260681;2;267703
"1614";15700;11046;2940;2;23648
"1615";15700;11047;2202;2;2204
"1616";15700;11048;260681;2;267703
"1617";15700;11049;260681;2;267703
"1618";15700;11050;26550;2;26798
"1619";15700;11051;2940;2;23648
"1620";15700;11052;2940;2;23648
"1621";15700;11053;26550;2;26798
"1622";15700;11054;2202;2;2204
"1623";16025;11149;15;2;112
"1624";16025;11150;2333;2;8283
"1625";16025;11151;2333;2;8283
"1626";16025;11152;2333;2;5419
"1627";16025;11153;15;2;67
"1628";16025;11154;15;2;67
"1629";16025;11155;15;2;67
"1630";16025;11156;2333;2;5419
"1631";16025;11157;2333;2;5419
"1632";16025;11158;2333;2;5419
"1633";16025;11159;2333;2;5419
"1634";16025;11160;15;2;67
"1635";16025;11161;9;2;67
"1636";16025;11162;9;2;67
"1637";16025;11163;9;2;67
"1638";16025;11164;0;2;38
"1639";16025;11165;0;2;38
"1640";16025;11166;6383;3;8283
"1641";16025;11167;6383;2;8283
"1642";16025;11168;2333;2;5419
"1643";16025;11169;2333;2;5419
"1644";16025;11170;2333;2;5419
"1645";16025;11171;2333;2;5419
"1646";16025;11172;6383;3;8283
"1647";16025;11173;64010;3;74020
"1648";16025;11174;2333;2;8283
"1649";16025;11175;2333;2;5419
"1650";16025;11176;2333;2;5419
"1651";16025;11177;2333;2;5419
"1652";16025;11178;2333;2;5419
"1653";16025;11179;2333;2;5419
"1654";16025;11180;15;2;112
"1655";16025;11181;15;2;112
"1656";16025;11182;15;2;112
"1657";16025;11183;15;2;112
"1658";16025;11184;15;2;67
"1659";16025;11185;15;2;67
"1660";16025;11186;15;2;67
"1661";16025;11187;15;2;67
"1662";16025;11188;13;2;67
"1663";16025;11189;13;2;67
"1664";16025;11190;13;2;67
"1665";16025;11191;13;2;67
"1666";16025;11192;9;2;67
"1667";16025;11193;9;2;67
"1668";16025;11194;9;2;67
"1669";16025;11195;9;2;67
"1670";16025;11196;9;2;54
"1671";16025;11197;9;2;54
"1672";16025;11198;0;2;38
"1673";16025;11199;0;2;38
"1674";16025;11200;6383;3;8283
"1675";16025;11201;15;2;112
"1676";16025;11202;15;2;112
"1677";16025;11203;15;2;112
"1678";16025;11204;15;2;112
"1679";16025;11205;15;2;112
"1680";16025;11206;15;2;112
"1681";16025;11207;15;2;67
"1682";16025;11208;15;2;67
"1683";16025;11209;15;2;67
"1684";16025;11210;15;2;67
"1685";16025;11211;15;2;67
"1686";16025;11212;13;2;67
"1687";16025;11213;13;2;67
"1688";16025;11214;13;2;67
"1689";16025;11215;13;2;67
"1690";16025;11216;9;2;54
"1691";16025;11217;9;2;54
"1692";16025;11218;9;2;54
"1693";16025;11219;9;2;54
"1694";16025;11220;64010;3;74020
"1695";16025;11221;64010;3;74020
"1696";16025;11222;6383;3;8283
"1697";16025;11223;6383;3;8283
"1698";16025;11224;6383;3;8283
"1699";16025;11225;9;2;67
"1700";16025;11226;6383;3;8283
"1701";16025;11227;6383;2;8283
"1702";16025;11228;6383;2;8283
"1703";16025;11229;6383;3;8283
"1704";16025;11230;0;2;38
"1705";16025;11231;0;2;38
"1706";16025;11232;6383;3;8283
"1707";16025;11233;2333;2;5419
"1708";16025;11234;2333;2;5419
"1709";16025;11235;9;2;67
"1710";16025;11236;2333;2;5419
"1711";16025;11237;2333;2;5419
"1712";16025;11238;9;2;54
"1713";16025;11239;0;2;38
"1714";16025;11240;0;2;38
"1715";16025;11241;2333;2;5419
"1716";16025;11242;15;2;112
"1717";16025;11243;15;2;67
"1718";16025;11244;13;2;67
"1719";16025;11245;9;2;67
"1720";16025;11246;9;2;67
"1721";16025;11247;6383;3;8283
"1722";16025;11248;2333;2;5419
"1723";16025;11249;2333;2;5419
"1724";16025;11250;2333;2;5419
"1725";19596;11768;11132;1;212801
"1726";19596;11769;7;1;212801
"1727";19596;11770;7;1;212801
"1728";19596;11771;7;1;212801
"1729";19596;11772;11132;1;212801
"1730";19596;11773;11132;1;212801
"1731";19596;11774;11132;1;212801
"1732";19596;11775;11132;2;212801
"1733";19596;11776;12;1;212801
"1734";19596;11777;12;1;212801
"1735";19596;11778;12;1;212801
"1736";19596;11779;11132;2;212801
"1737";19596;11780;11132;2;212801
"1738";19596;11781;11132;2;212801
"1739";19596;11782;11132;2;212801
"1740";19596;11783;12;1;212801
"1741";19596;11784;12;1;212801
"1742";19596;11785;12;1;212801
"1743";19596;11786;12;1;212801
"1744";19596;11787;12;1;212801
"1745";19596;11788;12;1;212801
"1746";19596;11789;0;1;23
"1747";19596;11790;0;1;23
"1748";19596;11791;0;1;23
"1749";19596;11792;0;1;23
"1750";19596;11793;0;1;23
"1751";19596;11794;0;1;23
"1752";19596;11795;11132;2;212801
"1753";19596;11796;11132;2;212801
"1754";19596;11797;11132;2;212801
"1755";19596;11798;11132;2;212801
"1756";19596;11799;11132;2;212801
"1757";19596;11800;11132;2;212801
"1758";19596;11801;0;1;23
"1759";19596;11802;0;1;23
"1760";19596;11803;11132;2;212801
"1761";19596;11804;11132;2;212801
"1762";21585;11964;203;2;251
"1763";21585;11965;203;2;320
"1764";21585;11966;203;2;320
"1765";21585;11967;203;2;251
"1766";21585;11968;10407;9;32767
"1767";21585;11969;10407;9;32767
"1768";21585;11970;10407;9;32767
"1769";21585;11971;51;1;51
"1770";21585;11972;51;1;51
"1771";21585;11973;0;0;0
"1772";21585;11974;0;0;0
"1773";21585;11975;203;2;320
"1774";21585;11976;51;1;51
"1775";21585;11977;203;2;251
"1776";21585;11978;203;2;251
"1777";21585;11979;203;2;251
"1778";21585;11980;203;2;320
"1779";21585;11981;10407;9;32767
"1780";21585;11982;10407;9;32767
"1781";21585;11983;10407;9;32767
"1782";21585;11984;203;2;320
"1783";21585;11985;203;2;320
"1784";21585;11986;203;2;316
"1785";21585;11987;203;2;251
"1786";21585;11988;51;1;51
"1787";21585;11989;51;1;51
"1788";21585;11990;51;1;51
"1789";21585;11991;10407;9;32767
"1790";21585;11992;10407;9;32767
"1791";21585;11993;10407;9;32767
"1792";21585;11994;10407;9;32767
"1793";21585;11995;3165;2;3297
"1794";21585;11996;3165;2;3297
"1795";21585;11997;3165;2;3297
"1796";21585;11998;51;1;51
"1797";21585;11999;203;2;320
"1798";21585;12000;203;2;320
"1799";21585;12001;203;2;320
"1800";21585;12002;203;2;320
"1801";21585;12003;51;1;51
"1802";21585;12004;51;1;51
"1803";21585;12005;51;1;51
"1804";21585;12006;203;2;251
"1805";21585;12007;10407;9;32767
"1806";21585;12008;10407;9;32767
"1807";21585;12009;203;2;320
"1808";21585;12010;51;1;58
"1809";21585;12011;51;1;58
"1810";21585;12012;51;1;58
"1811";21585;12013;51;1;58
"1812";21585;12014;51;1;58
"1813";21585;12015;3165;2;3297
"1814";25037;12095;6762;1;11683
"1815";25037;12096;6762;1;11683
"1816";25037;12097;0;0;0
"1817";25037;12098;0;0;0
"1818";25037;12099;6762;1;11683
"1819";25037;12100;7054;1;15538
"1820";25037;12101;6762;1;11683
"1821";25037;12102;7054;1;15538
"1822";25037;12103;6762;1;15538
"1823";25037;12104;6762;1;11683
"1824";25037;12105;6762;1;11683
"1825";25037;12106;6762;1;11683
"1826";25037;12107;6762;1;15538
"1827";25037;12108;6762;1;13564
"1828";25037;12109;4921;1;11683
"1829";25037;12110;4921;1;11683
"1830";25037;12111;6762;1;11683
"1831";25037;12112;7054;1;15538
"1832";25037;12113;6762;1;11683
"1833";25037;12114;6762;1;11683
"1834";25037;12115;6762;1;11683
"1835";25037;12116;6762;1;11683
"1836";25037;12117;6762;1;11683
"1837";25037;12118;4921;1;11683
"1838";25037;12119;7054;1;15538
"1839";25037;12120;4921;1;11683
"1840";25037;12121;4921;1;11683
"1841";25037;12122;9115;1;15538
"1842";25037;12123;7054;1;15538
"1843";25037;12124;6762;1;11683
"1844";25037;12125;4921;1;11683
"1845";25037;12126;6762;1;11683
"1846";25037;12127;6762;1;11683
"1847";25037;12128;6762;1;11683
"1848";25037;12129;4921;1;11683
"1849";25037;12130;6762;1;11683
"1850";31992;13571;4720;1;8570
"1851";31992;13572;7135;1;89761
"1852";31992;13573;7135;1;89761
"1853";31992;13574;968;1;3202
"1854";31992;13575;4720;1;8570
"1855";31992;13576;4720;1;8570
"1856";31992;13577;4720;1;8570
"1857";31992;13578;4720;1;8570
"1858";31992;13579;4720;1;8570
"1859";31992;13580;968;1;3202
"1860";31992;13581;7135;1;89398
"1861";31992;13582;7135;1;89398
"1862";31992;13583;7135;2;89761
"1863";31992;13584;968;1;3202
"1864";31992;13585;4720;1;8570
"1865";31992;13586;4720;1;8570
"1866";31992;13587;4720;1;8570
"1867";31992;13588;4720;1;8570
"1868";31992;13589;4720;1;8570
"1869";31992;13590;968;1;3202
"1870";31992;13591;968;1;3202
"1871";31992;13592;968;1;3202
"1872";31992;13593;968;1;3202
"1873";31992;13594;4720;1;8570
"1874";31992;13595;7135;1;34001
"1875";31992;13596;7135;2;89761
"1876";31992;13597;7135;2;89761
"1877";31992;13598;4720;1;8570
"1878";31992;13599;7135;1;89761
"1879";31992;13600;968;1;3202
"1880";31992;13601;4720;1;8570
"1881";31992;13602;4720;1;8570
"1882";31992;13603;4720;1;8570
"1883";31992;13604;4720;1;8570
"1884";31992;13605;4720;1;8570
"1885";31992;13606;10995;2;351975
"1886";31992;13607;4720;1;8570
"1887";31992;13608;4720;1;8570
"1888";41745;14118;11930;2;13418
"1889";41745;14119;11930;2;13418
"1890";41745;14120;11930;2;13418
"1891";41745;14121;11930;2;13418
"1892";41745;14122;2;2;10
"1893";41745;14123;2;2;13418
"1894";41745;14124;2;2;13418
"1895";41745;14125;2;2;13418
"1896";41745;14126;2;2;10
"1897";41745;14127;0;0;0
"1898";41745;14128;0;0;0
"1899";41745;14129;0;0;0
"1900";41745;14130;2;2;10
"1901";41745;14131;2;2;10
"1902";41745;14132;11930;2;13418
"1903";41745;14133;2;2;13418
"1904";41745;14134;2;2;13418
"1905";41745;14135;2;2;13418
"1906";41745;14136;2;2;13418
"1907";41745;14137;2;2;13418
"1908";41745;14138;2;2;10
"1909";41745;14139;34436;2;36912
"1910";41745;14140;34436;2;36912
"1911";41745;14141;2;2;13418
"1912";41745;14142;2;2;13418
"1913";41745;14143;2;2;13418
"1914";41745;14144;2;2;10
"1915";41745;14145;2;2;10
"1916";41745;14146;2;2;10
"1917";41745;14147;11930;2;13418
"1918";41745;14148;2;2;13418
"1919";41745;14149;2;2;13418
"1920";41745;14150;2;2;13418
"1921";41745;14151;2;2;13418
"1922";41745;14152;2;2;13418
"1923";41745;14153;2;2;10
"1924";41745;14154;2;2;10
"1925";41745;14155;2;2;10
"1926";41745;14156;2;2;10
"1927";41745;14157;2;2;10
"1928";41745;14158;34436;2;36912
"1929";41745;14159;2;2;13418
"1930";41745;14160;34436;2;36912
"1931";41745;14161;11930;2;13418
"1932";41745;14162;34436;2;36912
"1933";41745;14163;2;2;10
"1934";41745;14164;34436;2;36912
"1935";41745;14165;11930;2;13418
"1936";41745;14166;11930;2;13418
"1937";41745;14167;34436;2;36912
"1938";41745;14168;11930;2;13418
"1939";41745;14169;11930;2;13418
"1940";41745;14170;11930;2;13418
"1941";41745;14171;2;2;13418
"1942";41745;14172;2;2;13418
"1943";41745;14173;2;2;13418
"1944";41745;14174;2;2;13418
"1945";41745;14175;11930;2;13418
"1946";41745;14176;11930;2;13418
"1947";41745;14177;11930;2;13418
"1948";41745;14178;11930;2;13418
"1949";41745;14179;34436;2;36912
"1950";82358;14733;1399;2;7731
"1951";82358;14734;2771;2;7731
"1952";82358;14735;1399;2;7731
"1953";82358;14736;1399;2;7731
"1954";82358;14737;1399;2;7731
"1955";82358;14738;45;1;47
"1956";82358;14739;9957;2;13155
"1957";82358;14740;1399;2;7731
"1958";82358;14741;1399;2;7731
"1959";82358;14742;1399;2;7731
"1960";82358;14743;1399;2;7731
"1961";82358;14744;1399;2;7731
"1962";82358;14745;1399;2;7731
"1963";82358;14746;1399;2;7731
"1964";82358;14747;1399;2;7731
"1965";82358;14748;1399;2;7731
"1966";82358;14749;1399;2;7731
"1967";82358;14750;45;1;47
"1968";82358;14751;45;1;47
"1969";82358;14752;9957;2;13155
"1970";82358;14753;1399;2;7731
"1971";82358;14754;1399;2;7731
"1972";82358;14755;1399;2;7731
"1973";82358;14756;1399;2;7731
"1974";82358;14757;9957;2;13155
"1975";82358;14758;9957;2;13155
"1976";82358;14759;9957;2;13155
"1977";82358;14760;1399;2;7731
"1978";82358;14761;1399;2;7731
"1979";82358;14762;1399;2;7731
"1980";82358;14763;430;1;634
"1981";82358;14764;45;1;47
"1982";82358;14765;9957;2;13155
"1983";82358;14766;9957;2;13155
"1984";82358;14767;1399;2;7731
"1985";82358;14768;1399;2;7731
"1986";82358;14769;1399;2;7731
"1987";82358;14770;1399;2;7731
"1988";82358;14771;1399;2;7731
"1989";82358;14772;1399;2;7731
"1990";82358;14773;1399;2;7731
"1991";82358;14774;430;1;634
"1992";82358;14775;430;1;634
"1993";82358;14776;430;1;634
"1994";82358;14777;45;1;47
"1995";82358;14778;45;1;47
"1996";82358;14779;9957;2;13155
"1997";82358;14780;9957;2;13155
"1998";82358;14781;1399;2;7731
"1999";82358;14782;1399;2;7731
"2000";82358;14783;1399;2;7731
"2001";82358;14784;1399;2;7731
"2002";82358;14785;1399;2;7731
"2003";82358;14786;1399;2;7731
"2004";82358;14787;1399;2;7731
"2005";82358;14788;1399;2;7731
"2006";82358;14789;430;1;634
"2007";82358;14790;430;1;634
"2008";82358;14791;430;1;634
"2009";82358;14792;430;1;634
"2010";82358;14793;45;1;47
"2011";82358;14794;45;1;47
"2012";82358;14795;430;1;634
"2013";82358;14796;45;1;47
"2014";82358;14797;45;1;47
"2015";82358;14798;45;1;47
"2016";82358;14799;1399;2;7731
"2017";82358;14800;1399;2;7731
"2018";82358;14801;1399;2;7731
"2019";82358;14802;1399;2;7731
"2020";82358;14803;1399;2;7731
"2021";82358;14804;9957;2;13155
"2022";82358;14805;2771;2;7731
"2023";82358;14806;1399;2;7731
"2024";82358;14807;1399;2;7731
"2025";82358;14808;1399;2;7731
"2026";82358;14809;1399;2;7731
"2027";82358;14810;1399;2;7731
"2028";82358;14811;1399;2;7731
"2029";83356;14812;0;1;4
"2030";83356;14813;0;1;4
"2031";83356;14814;0;1;4
"2032";83356;14815;0;1;4
"2033";83356;14816;0;1;4
"2034";83356;14817;0;1;4
"2035";83356;14818;1116;1;175199
"2036";83356;14819;1116;1;175199
"2037";83356;14820;1116;1;175199
"2038";83356;14821;1116;1;175199
"2039";83356;14822;1116;1;175199
"2040";83356;14823;1116;1;175199
"2041";83356;14824;1116;1;175199
"2042";83356;14825;1116;1;175199
"2043";83356;14826;1116;1;175199
"2044";132068;15020;527;1;1468
"2045";132068;15021;238;1;304
"2046";132068;15022;287;1;565
"2047";132068;15023;238;1;304
"2048";132068;15024;527;1;565
"2049";132068;15025;8;1;8
"2050";132068;15026;238;1;304
"2051";132068;15027;238;1;304
"2052";132068;15028;136;1;245
"2053";132068;15029;83;1;245
"2054";132068;15030;238;1;304
"2055";132068;15031;238;1;304
"2056";132068;15032;136;1;245
"2057";132068;15033;136;1;245
"2058";132068;15034;136;1;245
"2059";132068;15035;136;1;245
"2060";132068;15036;136;1;245
"2061";132068;15037;83;1;245
"2062";132068;15038;287;1;565
"2063";132068;15039;270;1;398
"2064";132068;15040;270;1;398
"2065";132068;15041;238;1;304
"2066";132068;15042;238;1;304
"2067";132068;15043;238;1;304
"2068";132068;15044;238;1;304
"2069";132068;15045;287;1;565
"2070";132068;15046;527;1;565
"2071";132068;15047;287;1;565
"2072";132068;15048;287;1;565
"2073";132068;15049;270;1;398
"2074";132068;15050;238;1;304
"2075";132068;15051;238;1;304
"2076";132068;15052;8;1;8
"2077";132068;15053;8;1;8
"2078";132068;15054;136;1;245
"2079";132068;15055;83;1;245
"2080";132068;15056;83;1;245
"2081";132068;15057;83;1;245
"2082";132068;15058;83;1;245
"2083";132068;15059;15;1;36
"2084";132068;15060;15;1;36
"2085";132068;15061;15;1;36
"2086";132068;15062;15;1;36
"2087";132068;15063;15;1;36
"2088";132068;15064;8;1;8
"2089";132068;15065;8;1;8
"2090";132068;15066;527;1;565
"2091";132068;15067;238;1;304
"2092";132068;15068;238;1;304
"2093";132068;15069;136;1;245
"2094";132068;15070;136;1;245
"2095";132068;15071;136;1;245
"2096";132068;15072;136;1;245
"2097";132068;15073;136;1;245
"2098";132068;15074;83;1;245
"2099";132068;15075;83;1;245
"2100";132068;15076;83;1;245
"2101";132068;15077;270;1;565
"2102";132068;15078;270;1;565
"2103";132068;15079;238;1;304
"2104";132068;15080;238;1;304
"2105";132068;15081;238;1;304
"2106";132068;15082;238;1;304
"2107";132068;15083;136;1;245
"2108";132068;15084;136;1;245
"2109";132068;15085;136;1;245
"2110";132068;15086;83;1;245
"2111";132068;15087;83;1;245
"2112";132068;15088;83;1;245
"2113";132068;15089;83;1;245
"2114";132068;15090;83;1;245
"2115";132068;15091;83;1;245
"2116";132068;15092;287;1;565
"2117";132068;15093;527;1;565
"2118";132068;15094;527;1;565
"2119";132068;15095;287;1;565
"2120";132068;15096;287;1;565
"2121";132068;15097;83;1;245
"2122";132068;15098;83;1;245
"2123";155830;15122;14112;1;15716
"2124";155830;15123;14112;1;15716
"2125";155830;15124;14112;1;46768
"2126";155830;15125;14112;1;46768
"2127";155830;15126;14112;1;15716
"2128";155830;15127;0;1;45
"2129";155830;15128;14112;1;15716
"2130";155830;15129;727;1;1084
"2131";155830;15130;14112;1;46768
"2132";155830;15131;14112;1;15716
"2133";155830;15132;14112;1;15716
"2134";155830;15133;2667;1;9040
"2135";155830;15134;727;1;1084
"2136";155830;15135;14112;1;34938
"2137";155830;15136;2667;1;9040
"2138";155830;15137;14112;1;34938
"2139";155830;15138;14112;1;34938
"2140";155830;15139;14112;1;34938
"2141";155830;15140;14112;1;15716
"2142";155830;15141;2667;1;9040
"2143";155830;15142;14112;1;15716
"2144";155830;15143;589;1;1084
"2145";155830;15144;14112;1;46768
"2146";155830;15145;14112;1;15716
"2147";155830;15146;14112;1;15716
"2148";155830;15147;14112;1;15716
"2149";155830;15148;2667;1;9040
"2150";155830;15149;589;1;1084
"2151";155830;15150;589;1;1084
"2152";155830;15151;589;1;1084
"2153";155830;15152;0;1;45
"2154";155830;15153;14112;1;46768
"2155";155830;15154;14112;1;46768
"2156";155830;15155;14112;1;46768
"2157";155830;15156;14112;1;15716
"2158";155830;15157;42762;2;370910
"2159";155830;15158;42762;2;319118
"2160";155830;15159;727;1;1084
"2161";155830;15160;727;1;1084
"2162";155830;15161;42762;2;370910
"2163";155830;15162;727;1;2796
"2164";155830;15163;727;1;2796
"2165";155830;15164;727;1;1084
"2166";155830;15165;14112;1;15716
"2167";155830;15166;14112;1;15716
"2168";155830;15167;14112;1;15716
"2169";155830;15168;2667;1;9040
"2170";155830;15169;2667;1;9040
"2171";155830;15170;2667;1;9040
"2172";155830;15171;2667;1;9040
"2173";155830;15172;2667;1;9040
"2174";155830;15173;2667;1;9040
"2175";155830;15174;2667;1;9040
"2176";155830;15175;727;1;2796
"2177";155830;15176;727;1;2796
"2178";155830;15177;727;1;2796
"2179";155830;15178;727;1;2796
"2180";155830;15179;727;1;2796
"2181";155830;15180;727;1;1084
"2182";155830;15181;727;1;1084
"2183";155830;15182;727;1;1084
"2184";155830;15183;589;1;1084
"2185";155830;15184;4790;1;9040
"2186";155830;15185;14112;1;46768
"2187";155830;15186;14112;1;46768
"2188";155830;15187;14112;1;46768
"2189";155830;15188;0;1;45
"2190";155830;15189;0;1;45
"2191";155830;15190;0;1;45
"2192";155830;15191;14112;1;34938
"2193";155830;15192;14112;1;34938
"2194";155830;15193;14112;1;15716
"2195";155830;15194;14112;1;34938
"2196";308924;15331;1284;3;13432
"2197";308924;15332;820;1;10828
"2198";308924;15333;820;1;1258
"2199";308924;15334;1284;3;13432
"2200";308924;15335;820;1;1258
"2201";308924;15336;1985;3;13432
"2202";308924;15337;820;1;2481
"2203";308924;15338;820;1;2481
"2204";308924;15339;820;1;1258
"2205";308924;15340;1284;3;13432
"2206";308924;15341;820;1;1258
"2207";308924;15342;1985;3;13432
"2208";308924;15343;1985;3;13432
"2209";308924;15344;820;1;10828
"2210";308924;15345;820;1;1258
"2211";308924;15346;820;1;1258
"2212";308924;15347;820;1;1258
"2213";308924;15348;820;1;1258
"2214";308924;15349;110;1;176
"2215";308924;15350;110;1;176
"2216";308924;15351;110;1;176
"2217";308924;15352;820;1;1258
"2218";308924;15353;820;1;1258
"2219";308924;15354;2972;3;13432
"2220";308924;15355;820;1;10828
"2221";308924;15356;2972;3;13432
"2222";308924;15357;1985;3;13432
"2223";308924;15358;1985;3;13432
"2224";308924;15359;820;1;1258
"2225";308924;15360;2972;3;13432
"2226";308924;15361;2972;3;13432
"2227";308924;15362;1985;3;13432
"2228";308924;15363;1985;3;13432
"2229";308924;15364;1985;3;13432
"2230";308924;15365;1985;3;13432
"2231";308924;15366;1284;3;13432
"2232";308924;15367;1284;3;13432
"2233";308924;15368;1284;3;13432
"2234";308924;15369;1284;3;13432
"2235";308924;15370;1284;3;13432
"2236";308924;15371;1284;3;13432
"2237";308924;15372;820;1;8543
"2238";308924;15373;820;1;4584
"2239";308924;15374;820;1;1258
"2240";308924;15375;820;1;1258
"2241";308924;15376;820;1;1258
"2242";308924;15377;110;1;1248
"2243";308924;15378;110;1;1248
"2244";308924;15379;110;1;1248
"2245";308924;15380;110;1;176
"2246";308924;15381;110;1;176
"2247";308924;15382;110;1;176
"2248";308924;15383;110;1;176
"2249";308924;15384;110;1;176
"2250";308924;15385;110;1;176
"2251";308924;15386;110;1;176
"2252";308924;15387;2972;3;13432
"2253";308924;15388;1985;3;13432
"2254";308924;15389;1284;3;13432
"2255";308924;15390;1284;3;13432
"2256";308924;15391;1284;3;13432
"2257";308924;15392;1284;3;13432
"2258";308924;15393;820;1;1258
"2259";308924;15394;820;1;1258
"2260";308924;15395;110;1;1248
"2261";308924;15396;820;1;4584
"2262";308924;15397;1985;3;13432
"2263";308924;15398;1284;3;13432
"2264";308924;15399;1284;3;13432
"2265";308924;15400;820;1;1258
"2266";308924;15401;820;1;1258
"2267";308924;15402;820;1;1258
"2268";308924;15403;820;1;1258
"2269";308924;15404;820;1;1258
"2270";308924;15405;820;1;1258
"2271";308924;15406;820;1;1258
"2272";308924;15407;820;1;1258
"2273";308924;15408;820;1;1258
"2274";308924;15409;110;1;176
"2275";308924;15410;110;1;176
"2276";308924;15411;110;1;176
"2277";308924;15412;2972;3;13432
"2278";308924;15413;1985;3;13432
"2279";308924;15414;1985;3;13432
"2280";308924;15415;820;1;1258
"2281";308924;15416;820;1;1258
"2282";308924;15417;110;1;1248
"2283";308924;15418;110;1;1248
"2284";308924;15419;110;1;1248
"2285";308924;15420;110;1;1248
"2286";308924;15421;820;1;8543
"2287";308924;15422;110;1;176
"2288";308924;15423;110;1;176
"2289";317799;15483;0;1;506
"2290";317799;15484;0;1;506
"2291";317799;15485;0;1;506
"2292";317799;15486;0;1;506
"2293";317799;15487;0;1;506
"2294";317799;15488;0;1;506
"2295";318015;15489;921;1;3999
"2296";318015;15490;921;2;3999
"2297";318015;15491;921;2;3999
"2298";318015;15492;921;1;3999
"2299";318015;15493;6;1;168
"2300";318015;15494;6;1;168
"2301";318015;15495;6;1;168
"2302";318015;15496;921;2;3999
"2303";318015;15497;921;1;3999
"2304";318015;15498;921;2;3999
"2305";318015;15499;921;1;3999
"2306";318015;15500;921;1;3999
"2307";318015;15501;921;1;3999
"2308";318015;15502;6;1;3999
"2309";318015;15503;6;1;3999
"2310";318015;15504;6;1;3999
"2311";318015;15505;6;1;168
"2312";318015;15506;6;1;168
"2313";318015;15507;6;1;168
"2314";318015;15508;921;2;3999
"2315";318015;15509;921;2;3999
"2316";318015;15510;921;2;3999
"2317";318015;15511;921;2;3999
"2318";318015;15512;921;2;3999
"2319";318015;15513;921;1;3999
"2320";318015;15514;921;1;3999
"2321";318015;15515;6;1;3999
"2322";318015;15516;6;1;3999
"2323";318015;15517;6;1;3999
"2324";318015;15518;6;1;3999
"2325";318015;15519;6;1;3999
"2326";318015;15520;6;1;168
"2327";318015;15521;6;1;168
"2328";318015;15522;6;1;168
"2329";318015;15523;6;1;168
"2330";318015;15524;6;1;168
"2331";318015;15525;921;2;3999
"2332";318015;15526;921;2;3999
"2333";318015;15527;921;2;3999
"2334";318015;15528;921;2;3999
"2335";318015;15529;921;2;3999
"2336";318015;15530;921;1;3999
"2337";322065;15531;4263;1;22162
"2338";322065;15532;32;1;68
"2339";322065;15533;32;1;68
"2340";322065;15534;4263;1;22162
"2341";322065;15535;32;1;68
"2342";322065;15536;32;1;68
"2343";322065;15537;32;1;68
"2344";322065;15538;5766;1;56769
"2345";322065;15539;5766;1;56769
"2346";322065;15540;5766;1;56769
"2347";322065;15541;5766;1;56769
"2348";322065;15542;4263;1;22162
"2349";322065;15543;4263;1;22162
"2350";322065;15544;426;1;1294
"2351";322065;15545;426;1;1294
"2352";322065;15546;426;1;1294
"2353";322065;15547;32;1;68
"2354";322065;15548;32;1;68
"2355";322065;15549;32;1;68
"2356";322065;15550;426;1;1294
"2357";322065;15551;426;1;1294
"2358";322065;15552;426;1;1294
"2359";322065;15553;5766;1;56769
"2360";322065;15554;32;1;68
"2361";322065;15555;426;1;1294
"2362";322065;15556;426;1;1294
"2363";322065;15557;32;1;68
"2364";322065;15558;32;1;68
"2365";322065;15559;5766;1;56769
"2366";322065;15560;5766;1;56769
"2367";322065;15561;5766;1;56769
"2368";307140;15569;1139;1;7355
"2369";307140;15570;201;1;713
"2370";307140;15571;1139;1;7355
"2371";307140;15572;1320;1;11934
"2372";307140;15573;201;1;713
"2373";307140;15574;0;0;0
"2374";307140;15575;201;1;713
"2375";307140;15576;201;1;713
"2376";307140;15577;1139;1;7355
"2377";307140;15578;1139;1;7355
"2378";307140;15579;1139;1;7355
"2379";307140;15580;1139;1;7355
"2380";307140;15581;1139;1;7355
"2381";307140;15582;201;1;713
"2382";307140;15583;0;0;0
"2383";307140;15584;0;0;0
"2384";307140;15585;1139;1;7355
"2385";307140;15586;1139;1;7355
"2386";307140;15587;1320;1;11934
"2387";307140;15588;1320;1;11934
"2388";307140;15589;240;1;7355
"2389";307140;15590;201;1;713
"2390";307140;15591;201;1;713
"2391";307140;15592;0;0;0
"2392";307140;15593;22440;1;27670
"2393";307140;15594;1320;1;11934
"2394";307140;15595;1139;1;7355
"2395";307140;15596;240;1;7355
"2396";307140;15597;240;1;7355
"2397";307140;15598;240;1;7355
"2398";307140;15599;201;1;713
"2399";307140;15600;201;1;713
"2400";307140;15601;201;1;713
"2401";307140;15602;0;0;0
"2402";307140;15603;0;0;0
"2403";307140;15604;0;0;0
"2404";307140;15605;240;1;7355
"2405";307140;15606;240;1;7355
"2406";307140;15607;240;1;7355
"2407";307140;15608;240;1;7355
"2408";307140;15609;240;1;7355
"2409";307140;15610;240;1;7355
"2410";307140;15611;201;1;713
"2411";307140;15612;201;1;713
"2412";307140;15613;201;1;713
"2413";307140;15614;201;1;713
"2414";307140;15615;1320;1;11934
"2415";307140;15616;201;1;713
"2416";307140;15617;0;0;0
"2417";307140;15618;0;0;0
"2418";307140;15619;0;0;0
"2419";307140;15620;0;0;0
"2420";307140;15621;0;0;0
"2421";307140;15622;1320;1;11934
"2422";307140;15623;1139;1;7355
"2423";307140;15624;1320;1;11934
"2424";307140;15625;1320;1;11934
"2425";307140;15626;1139;1;7355
"2426";307140;15627;240;1;7355
"2427";307140;15628;201;1;713
"2428";307140;15629;22440;1;27670
"2429";307140;15630;1442;1;11934
"2430";307140;15631;1320;1;11934
"2431";307140;15632;1320;1;11934
"2432";307140;15633;1320;1;11934
"2433";307140;15634;1139;1;7355
"2434";307140;15635;1139;1;7355
"2435";307140;15636;1139;1;7355
"2436";307140;15637;1139;1;7355
"2437";307140;15638;240;1;7355
"2438";307140;15639;240;1;7355
"2439";307140;15640;240;1;7355
"2440";307140;15641;201;1;713
"2441";307140;15642;201;1;713
"2442";307140;15643;201;1;713
"2443";307140;15644;201;1;713
"2444";307140;15645;201;1;713
"2445";307140;15646;201;1;713
"2446";307140;15647;1320;1;11934
"2447";307140;15648;1320;1;11934
"2448";307140;15649;1139;1;7355
"2449";307140;15650;240;1;7355
"2450";307140;15651;240;1;7355
"2451";307140;15652;240;1;7355
"2452";307140;15653;240;1;7355
"2453";307140;15654;240;1;7355
"2454";307140;15655;240;1;7355
"2455";307140;15656;201;1;713
"2456";307140;15657;201;1;713
"2457";307140;15658;201;1;713
"2458";307140;15659;201;1;713
"2459";307140;15660;201;1;713
"2460";307140;15661;201;1;713
"2461";307140;15662;201;1;713
"2462";307140;15663;201;1;713
"2463";307140;15664;201;1;713
"2464";307140;15665;201;1;713
"2465";307140;15666;201;1;713
"2466";307140;15667;201;1;713
"2467";307140;15668;201;1;713
"2468";307140;15669;22440;1;27670
"2469";307140;15670;22440;1;27670
"2470";307140;15671;22440;1;27670
"2471";307140;15672;201;1;713
"2472";307140;15673;201;1;713
"2473";307140;15674;201;1;713
"2474";307140;15675;22440;1;27670
"2475";307140;15676;22440;1;27670
"2476";307140;15677;1442;1;11934
"2477";307140;15678;1320;1;11934
"2478";307140;15679;1320;1;11934
"2479";307140;15680;1139;1;7355
"2480";307140;15681;1139;1;7355
"2481";307140;15682;22440;1;27670
"2482";325178;15683;7494;2;16546
"2483";325178;15684;13646;2;34062
"2484";325178;15685;13646;2;34062
"2485";325178;15686;7494;2;16546
"2486";325178;15687;1883;2;4242
"2487";325178;15688;69582;2;123633
"2488";325178;15689;67247;2;123633
"2489";325178;15690;13646;2;34062
"2490";325178;15691;5790;2;5866
"2491";325178;15692;5790;2;5866
"2492";325178;15693;1883;2;4242
"2493";325178;15694;1883;2;4242
"2494";325178;15695;487;2;2513
"2495";325178;15696;487;2;2513
"2496";325178;15697;67247;2;123633
"2497";325178;15698;5790;2;9515
"2498";325178;15699;5790;2;9515
"2499";325178;15700;5790;2;9515
"2500";325178;15701;5790;2;9515
"2501";325178;15702;5790;2;9515
"2502";325178;15703;5790;2;5866
"2503";325178;15704;5790;2;5866
"2504";325178;15705;1883;2;4242
"2505";325178;15706;67247;2;123633
"2506";325178;15707;55472;2;79901
"2507";325178;15708;55472;2;79901
"2508";325178;15709;7972;2;34062
"2509";325178;15710;7972;2;34062
"2510";325178;15711;5790;2;9515
"2511";325178;15712;5790;2;5866
"2512";325178;15713;1883;2;4242
"2513";325178;15714;487;2;2513
"2514";325178;15715;69582;2;123633
"2515";325178;15716;67247;2;123633
"2516";325178;15717;67247;2;123633
"2517";325178;15718;12918;2;34062
"2518";325178;15719;12918;2;34062
"2519";325178;15720;7972;2;34062
"2520";325178;15721;5790;2;5866
"2521";325178;15722;1883;2;4297
"2522";325178;15723;1015;2;3670
"2523";325178;15724;1015;2;3670
"2524";325178;15725;487;2;2513
"2525";325178;15726;487;2;2513
"2526";325178;15727;42;2;2513
"2527";325178;15728;42;2;2513
"2528";325178;15729;122512;2;123633
"2529";325178;15730;69582;2;123633
"2530";325178;15731;67247;2;123633
"2531";325178;15732;67247;2;123633
"2532";325178;15733;67247;2;123633
"2533";325178;15734;67247;2;123633
"2534";325178;15735;67247;2;123633
"2535";325178;15736;67247;2;123633
"2536";325178;15737;67247;2;123633
"2537";325178;15738;67247;2;80122
"2538";325178;15739;7972;2;34062
"2539";325178;15740;7494;2;16546
"2540";325178;15741;5790;2;9515
"2541";325178;15742;5790;2;9515
"2542";325178;15743;5790;2;9515
"2543";325178;15744;5790;2;9515
"2544";325178;15745;5790;2;9515
"2545";325178;15746;5790;2;9515
"2546";325178;15747;5790;2;9515
"2547";325178;15748;5790;2;5866
"2548";325178;15749;5790;2;5866
"2549";325178;15750;5790;2;5866
"2550";325178;15751;5790;2;5866
"2551";325178;15752;1883;2;4297
"2552";325178;15753;1883;2;4297
"2553";325178;15754;1883;2;4297
"2554";325178;15755;1883;2;4297
"2555";325178;15756;1883;2;4297
"2556";325178;15757;1883;2;4242
"2557";325178;15758;1883;2;4242
"2558";325178;15759;1883;2;4242
"2559";325178;15760;1883;2;4242
"2560";325178;15761;1883;2;4242
"2561";325178;15762;1883;2;4242
"2562";325178;15763;1883;2;4242
"2563";325178;15764;1015;2;3670
"2564";325178;15765;1015;2;3670
"2565";325178;15766;1015;2;3670
"2566";325178;15767;1015;2;3670
"2567";325178;15768;487;2;2513
"2568";325178;15769;487;2;2513
"2569";325178;15770;487;2;2513
"2570";325178;15771;42;2;2513
"2571";325178;15772;42;2;2513
"2572";325178;15773;42;2;2513
"2573";325178;15774;67247;2;123633
"2574";325178;15775;13646;2;34062
"2575";325178;15776;7972;2;34062
"2576";325178;15777;7972;2;34062
"2577";325178;15778;7494;2;16546
"2578";325178;15779;7494;2;16546
"2579";325178;15780;7494;2;16546
"2580";325178;15781;7494;2;16546
"2581";325178;15782;5790;2;5866
"2582";325178;15783;5790;2;5866
"2583";325178;15784;5790;2;5866
"2584";325178;15785;5790;2;5866
"2585";325178;15786;1883;2;4297
"2586";325178;15787;1883;2;4297
"2587";325178;15788;1015;2;3670
"2588";325178;15789;487;2;2513
"2589";325178;15790;487;2;2513
"2590";325178;15791;55472;2;79901
"2591";325178;15792;67247;2;123633
"2592";325178;15793;55472;2;79901
"2593";325178;15794;55472;2;79901
"2594";325178;15795;42;2;2513
"2595";325178;15796;42;2;2513
"2596";348235;15869;0;0;0
"2597";348235;15870;0;0;0
"2598";348235;15871;81;3;147
"2599";348235;15872;81;3;147
"2600";348235;15873;81;3;147
"2601";348235;15874;81;3;147
"2602";348235;15875;81;3;147
"2603";348235;15876;80589;5;129194
"2604";350148;15909;6389;2;9179
"2605";350148;15910;6389;2;9179
"2606";350148;15911;6389;2;9179
"2607";350148;15912;6389;2;9179
"2608";350148;15913;6389;2;9179
"2609";350148;15914;6389;2;9179
"2610";350148;15915;6389;2;9179
"2611";350148;15916;1388;2;8878
"2612";350148;15917;1388;2;8878
"2613";350148;15918;1388;2;8878
"2614";350148;15919;1388;2;8878
"2615";350148;15920;41;2;59
"2616";350148;15921;1388;2;8878
"2617";350148;15922;1388;2;8878
"2618";350148;15923;1388;2;8878
"2619";350148;15924;0;0;0
"2620";350148;15925;1388;2;8878
"2621";350148;15926;41;2;59
"2622";350148;15927;6389;2;9179
"2623";350148;15928;6389;2;9179
"2624";350148;15929;1388;2;8878
"2625";360279;15993;3106;3;6356
"2626";360279;15994;3106;3;6356
"2627";360279;15995;3106;3;6356
"2628";360279;15996;0;0;0
"2629";360279;15997;0;0;0
"2630";360279;15998;3106;3;95841
"2631";360279;15999;3106;3;95841
"2632";360279;16000;3106;3;6356
"2633";360279;16001;0;3;6356
"2634";360279;16002;0;3;6356
"2635";360279;16003;3106;3;95841
"2636";360279;16004;3106;3;6356
"2637";360279;16005;3106;3;6356
"2638";360279;16006;3106;3;6356
"2639";360279;16007;3106;3;6356
"2640";360279;16008;3106;3;6356
